id,date,store_nbr,family,sales,onpromotion,is_open
3,2013-01-01,1,BEVERAGES,0.0,0,False
1785,2013-01-02,1,BEVERAGES,1091.0,0,True
3567,2013-01-03,1,BEVERAGES,919.0,0,True
5349,2013-01-04,1,BEVERAGES,953.0,0,True
7131,2013-01-05,1,BEVERAGES,1160.0,0,True
8913,2013-01-06,1,BEVERAGES,407.0,0,True
10695,2013-01-07,1,BEVERAGES,1158.0,0,True
12477,2013-01-08,1,BEVERAGES,1029.0,0,True
14259,2013-01-09,1,BEVERAGES,1186.0,0,True
16041,2013-01-10,1,BEVERAGES,847.0,0,True
17823,2013-01-11,1,BEVERAGES,1033.0,0,True
19605,2013-01-12,1,BEVERAGES,1143.0,0,True
21387,2013-01-13,1,BEVERAGES,572.0,0,True
23169,2013-01-14,1,BEVERAGES,1178.0,0,True
24951,2013-01-15,1,BEVERAGES,1149.0,0,True
26733,2013-01-16,1,BEVERAGES,1043.0,0,True
28515,2013-01-17,1,BEVERAGES,898.0,0,True
30297,2013-01-18,1,BEVERAGES,1130.0,0,True
32079,2013-01-19,1,BEVERAGES,1280.0,0,True
33861,2013-01-20,1,BEVERAGES,453.0,0,True
35643,2013-01-21,1,BEVERAGES,1104.0,0,True
37425,2013-01-22,1,BEVERAGES,1037.0,0,True
39207,2013-01-23,1,BEVERAGES,1052.0,0,True
40989,2013-01-24,1,BEVERAGES,846.0,0,True
42771,2013-01-25,1,BEVERAGES,1103.0,0,True
44553,2013-01-26,1,BEVERAGES,965.0,0,True
46335,2013-01-27,1,BEVERAGES,417.0,0,True
48117,2013-01-28,1,BEVERAGES,772.0,0,True
49899,2013-01-29,1,BEVERAGES,932.0,0,True
51681,2013-01-30,1,BEVERAGES,1031.0,0,True
53463,2013-01-31,1,BEVERAGES,889.0,0,True
55245,2013-02-01,1,BEVERAGES,941.0,0,True
57027,2013-02-02,1,BEVERAGES,1005.0,0,True
58809,2013-02-03,1,BEVERAGES,442.0,0,True
60591,2013-02-04,1,BEVERAGES,775.0,0,True
62373,2013-02-05,1,BEVERAGES,794.0,0,True
64155,2013-02-06,1,BEVERAGES,923.0,0,True
65937,2013-02-07,1,BEVERAGES,794.0,0,True
67719,2013-02-08,1,BEVERAGES,949.0,0,True
69501,2013-02-09,1,BEVERAGES,783.0,0,True
71283,2013-02-10,1,BEVERAGES,185.0,0,True
73065,2013-02-11,1,BEVERAGES,172.0,0,True
74847,2013-02-12,1,BEVERAGES,280.0,0,True
76629,2013-02-13,1,BEVERAGES,823.0,0,True
78411,2013-02-14,1,BEVERAGES,728.0,0,True
80193,2013-02-15,1,BEVERAGES,905.0,0,True
81975,2013-02-16,1,BEVERAGES,989.0,0,True
83757,2013-02-17,1,BEVERAGES,299.0,0,True
85539,2013-02-18,1,BEVERAGES,933.0,0,True
87321,2013-02-19,1,BEVERAGES,852.0,0,True
89103,2013-02-20,1,BEVERAGES,882.0,0,True
90885,2013-02-21,1,BEVERAGES,910.0,0,True
92667,2013-02-22,1,BEVERAGES,959.0,0,True
94449,2013-02-23,1,BEVERAGES,1000.0,0,True
96231,2013-02-24,1,BEVERAGES,439.0,0,True
98013,2013-02-25,1,BEVERAGES,851.0,0,True
99795,2013-02-26,1,BEVERAGES,787.0,0,True
101577,2013-02-27,1,BEVERAGES,962.0,0,True
103359,2013-02-28,1,BEVERAGES,960.0,0,True
105141,2013-03-01,1,BEVERAGES,911.0,0,True
106923,2013-03-02,1,BEVERAGES,1221.0,0,True
108705,2013-03-03,1,BEVERAGES,372.0,0,True
110487,2013-03-04,1,BEVERAGES,1037.0,0,True
112269,2013-03-05,1,BEVERAGES,780.0,0,True
114051,2013-03-06,1,BEVERAGES,1069.0,0,True
115833,2013-03-07,1,BEVERAGES,1094.0,0,True
117615,2013-03-08,1,BEVERAGES,1186.0,0,True
119397,2013-03-09,1,BEVERAGES,1089.0,0,True
121179,2013-03-10,1,BEVERAGES,548.0,0,True
122961,2013-03-11,1,BEVERAGES,1072.0,0,True
124743,2013-03-12,1,BEVERAGES,833.0,0,True
126525,2013-03-13,1,BEVERAGES,1078.0,0,True
128307,2013-03-14,1,BEVERAGES,753.0,0,True
130089,2013-03-15,1,BEVERAGES,967.0,0,True
131871,2013-03-16,1,BEVERAGES,1092.0,0,True
133653,2013-03-17,1,BEVERAGES,466.0,0,True
135435,2013-03-18,1,BEVERAGES,772.0,0,True
137217,2013-03-19,1,BEVERAGES,836.0,0,True
138999,2013-03-20,1,BEVERAGES,1059.0,0,True
140781,2013-03-21,1,BEVERAGES,756.0,0,True
142563,2013-03-22,1,BEVERAGES,842.0,0,True
144345,2013-03-23,1,BEVERAGES,985.0,0,True
146127,2013-03-24,1,BEVERAGES,390.0,0,True
147909,2013-03-25,1,BEVERAGES,856.0,0,True
149691,2013-03-26,1,BEVERAGES,788.0,0,True
151473,2013-03-27,1,BEVERAGES,1198.0,0,True
153255,2013-03-28,1,BEVERAGES,1043.0,0,True
155037,2013-03-29,1,BEVERAGES,280.0,0,True
156819,2013-03-30,1,BEVERAGES,787.0,0,True
158601,2013-03-31,1,BEVERAGES,400.0,0,True
160383,2013-04-01,1,BEVERAGES,931.0,0,True
162165,2013-04-02,1,BEVERAGES,1083.0,0,True
163947,2013-04-03,1,BEVERAGES,1082.0,0,True
165729,2013-04-04,1,BEVERAGES,809.0,0,True
167511,2013-04-05,1,BEVERAGES,1025.0,0,True
169293,2013-04-06,1,BEVERAGES,1053.0,0,True
171075,2013-04-07,1,BEVERAGES,431.0,0,True
172857,2013-04-08,1,BEVERAGES,896.0,0,True
174639,2013-04-09,1,BEVERAGES,826.0,0,True
176421,2013-04-10,1,BEVERAGES,1165.0,0,True
178203,2013-04-11,1,BEVERAGES,867.0,0,True
179985,2013-04-12,1,BEVERAGES,1122.0,0,True
181767,2013-04-13,1,BEVERAGES,1030.0,0,True
183549,2013-04-14,1,BEVERAGES,398.0,0,True
185331,2013-04-15,1,BEVERAGES,842.0,0,True
187113,2013-04-16,1,BEVERAGES,919.0,0,True
188895,2013-04-17,1,BEVERAGES,951.0,0,True
190677,2013-04-18,1,BEVERAGES,785.0,0,True
192459,2013-04-19,1,BEVERAGES,862.0,0,True
194241,2013-04-20,1,BEVERAGES,1192.0,0,True
196023,2013-04-21,1,BEVERAGES,427.0,0,True
197805,2013-04-22,1,BEVERAGES,853.0,0,True
199587,2013-04-23,1,BEVERAGES,832.0,0,True
201369,2013-04-24,1,BEVERAGES,1009.0,0,True
203151,2013-04-25,1,BEVERAGES,898.0,0,True
204933,2013-04-26,1,BEVERAGES,952.0,0,True
206715,2013-04-27,1,BEVERAGES,1012.0,0,True
208497,2013-04-28,1,BEVERAGES,447.0,0,True
210279,2013-04-29,1,BEVERAGES,722.0,0,True
212061,2013-04-30,1,BEVERAGES,1106.0,0,True
213843,2013-05-01,1,BEVERAGES,418.0,0,True
215625,2013-05-02,1,BEVERAGES,995.0,0,True
217407,2013-05-03,1,BEVERAGES,1207.0,0,True
219189,2013-05-04,1,BEVERAGES,1091.0,0,True
220971,2013-05-05,1,BEVERAGES,528.0,0,True
222753,2013-05-06,1,BEVERAGES,1055.0,0,True
224535,2013-05-07,1,BEVERAGES,988.0,0,True
226317,2013-05-08,1,BEVERAGES,987.0,0,True
228099,2013-05-09,1,BEVERAGES,812.0,0,True
229881,2013-05-10,1,BEVERAGES,952.0,0,True
231663,2013-05-11,1,BEVERAGES,1114.0,0,True
233445,2013-05-12,1,BEVERAGES,384.0,0,True
235227,2013-05-13,1,BEVERAGES,992.0,0,True
237009,2013-05-14,1,BEVERAGES,1024.0,0,True
238791,2013-05-15,1,BEVERAGES,928.0,0,True
240573,2013-05-16,1,BEVERAGES,1040.0,0,True
242355,2013-05-17,1,BEVERAGES,939.0,0,True
244137,2013-05-18,1,BEVERAGES,971.0,0,True
245919,2013-05-19,1,BEVERAGES,354.0,0,True
247701,2013-05-20,1,BEVERAGES,819.0,0,True
249483,2013-05-21,1,BEVERAGES,719.0,0,True
251265,2013-05-22,1,BEVERAGES,871.0,0,True
253047,2013-05-23,1,BEVERAGES,974.0,0,True
254829,2013-05-24,1,BEVERAGES,325.0,0,True
256611,2013-05-25,1,BEVERAGES,827.0,0,True
258393,2013-05-26,1,BEVERAGES,310.0,0,True
260175,2013-05-27,1,BEVERAGES,805.0,0,True
261957,2013-05-28,1,BEVERAGES,739.0,0,True
263739,2013-05-29,1,BEVERAGES,1021.0,0,True
265521,2013-05-30,1,BEVERAGES,811.0,0,True
267303,2013-05-31,1,BEVERAGES,913.0,0,True
269085,2013-06-01,1,BEVERAGES,1114.0,0,True
270867,2013-06-02,1,BEVERAGES,335.0,0,True
272649,2013-06-03,1,BEVERAGES,1049.0,0,True
274431,2013-06-04,1,BEVERAGES,1006.0,0,True
276213,2013-06-05,1,BEVERAGES,1143.0,0,True
277995,2013-06-06,1,BEVERAGES,957.0,0,True
279777,2013-06-07,1,BEVERAGES,968.0,0,True
281559,2013-06-08,1,BEVERAGES,1105.0,0,True
283341,2013-06-09,1,BEVERAGES,430.0,0,True
285123,2013-06-10,1,BEVERAGES,961.0,0,True
286905,2013-06-11,1,BEVERAGES,887.0,0,True
288687,2013-06-12,1,BEVERAGES,1064.0,0,True
290469,2013-06-13,1,BEVERAGES,996.0,0,True
292251,2013-06-14,1,BEVERAGES,959.0,0,True
294033,2013-06-15,1,BEVERAGES,1040.0,0,True
295815,2013-06-16,1,BEVERAGES,386.0,0,True
297597,2013-06-17,1,BEVERAGES,1239.0,0,True
299379,2013-06-18,1,BEVERAGES,868.0,0,True
301161,2013-06-19,1,BEVERAGES,1070.0,0,True
302943,2013-06-20,1,BEVERAGES,801.0,0,True
304725,2013-06-21,1,BEVERAGES,901.0,0,True
306507,2013-06-22,1,BEVERAGES,1020.0,0,True
308289,2013-06-23,1,BEVERAGES,432.0,0,True
310071,2013-06-24,1,BEVERAGES,888.0,0,True
311853,2013-06-25,1,BEVERAGES,1061.0,0,True
313635,2013-06-26,1,BEVERAGES,874.0,0,True
315417,2013-06-27,1,BEVERAGES,856.0,0,True
317199,2013-06-28,1,BEVERAGES,1027.0,0,True
318981,2013-06-29,1,BEVERAGES,1044.0,0,True
320763,2013-06-30,1,BEVERAGES,325.0,0,True
322545,2013-07-01,1,BEVERAGES,839.0,0,True
324327,2013-07-02,1,BEVERAGES,941.0,0,True
326109,2013-07-03,1,BEVERAGES,915.0,0,True
327891,2013-07-04,1,BEVERAGES,787.0,0,True
329673,2013-07-05,1,BEVERAGES,895.0,0,True
331455,2013-07-06,1,BEVERAGES,965.0,0,True
333237,2013-07-07,1,BEVERAGES,377.0,0,True
335019,2013-07-08,1,BEVERAGES,1012.0,0,True
336801,2013-07-09,1,BEVERAGES,809.0,0,True
338583,2013-07-10,1,BEVERAGES,819.0,0,True
340365,2013-07-11,1,BEVERAGES,821.0,0,True
342147,2013-07-12,1,BEVERAGES,752.0,0,True
343929,2013-07-13,1,BEVERAGES,890.0,0,True
345711,2013-07-14,1,BEVERAGES,259.0,0,True
347493,2013-07-15,1,BEVERAGES,819.0,0,True
349275,2013-07-16,1,BEVERAGES,831.0,0,True
351057,2013-07-17,1,BEVERAGES,929.0,0,True
352839,2013-07-18,1,BEVERAGES,697.0,0,True
354621,2013-07-19,1,BEVERAGES,1152.0,0,True
356403,2013-07-20,1,BEVERAGES,974.0,0,True
358185,2013-07-21,1,BEVERAGES,279.0,0,True
359967,2013-07-22,1,BEVERAGES,899.0,0,True
361749,2013-07-23,1,BEVERAGES,907.0,0,True
363531,2013-07-24,1,BEVERAGES,1066.0,0,True
365313,2013-07-25,1,BEVERAGES,911.0,0,True
367095,2013-07-26,1,BEVERAGES,1005.0,0,True
368877,2013-07-27,1,BEVERAGES,946.0,0,True
370659,2013-07-28,1,BEVERAGES,295.0,0,True
372441,2013-07-29,1,BEVERAGES,1044.0,0,True
374223,2013-07-30,1,BEVERAGES,787.0,0,True
376005,2013-07-31,1,BEVERAGES,989.0,0,True
377787,2013-08-01,1,BEVERAGES,876.0,0,True
379569,2013-08-02,1,BEVERAGES,908.0,0,True
381351,2013-08-03,1,BEVERAGES,879.0,0,True
383133,2013-08-04,1,BEVERAGES,306.0,0,True
384915,2013-08-05,1,BEVERAGES,845.0,0,True
386697,2013-08-06,1,BEVERAGES,886.0,0,True
388479,2013-08-07,1,BEVERAGES,866.0,0,True
390261,2013-08-08,1,BEVERAGES,859.0,0,True
392043,2013-08-09,1,BEVERAGES,924.0,0,True
393825,2013-08-10,1,BEVERAGES,565.0,0,True
395607,2013-08-11,1,BEVERAGES,412.0,0,True
397389,2013-08-12,1,BEVERAGES,860.0,0,True
399171,2013-08-13,1,BEVERAGES,706.0,0,True
400953,2013-08-14,1,BEVERAGES,821.0,0,True
402735,2013-08-15,1,BEVERAGES,737.0,0,True
404517,2013-08-16,1,BEVERAGES,1053.0,0,True
406299,2013-08-17,1,BEVERAGES,828.0,0,True
408081,2013-08-18,1,BEVERAGES,346.0,0,True
409863,2013-08-19,1,BEVERAGES,824.0,0,True
411645,2013-08-20,1,BEVERAGES,721.0,0,True
413427,2013-08-21,1,BEVERAGES,827.0,0,True
415209,2013-08-22,1,BEVERAGES,744.0,0,True
416991,2013-08-23,1,BEVERAGES,885.0,0,True
418773,2013-08-24,1,BEVERAGES,757.0,0,True
420555,2013-08-25,1,BEVERAGES,316.0,0,True
422337,2013-08-26,1,BEVERAGES,823.0,0,True
424119,2013-08-27,1,BEVERAGES,718.0,0,True
425901,2013-08-28,1,BEVERAGES,876.0,0,True
427683,2013-08-29,1,BEVERAGES,789.0,0,True
429465,2013-08-30,1,BEVERAGES,990.0,0,True
431247,2013-08-31,1,BEVERAGES,936.0,0,True
433029,2013-09-01,1,BEVERAGES,402.0,0,True
434811,2013-09-02,1,BEVERAGES,852.0,0,True
436593,2013-09-03,1,BEVERAGES,1061.0,0,True
438375,2013-09-04,1,BEVERAGES,946.0,0,True
440157,2013-09-05,1,BEVERAGES,857.0,0,True
441939,2013-09-06,1,BEVERAGES,968.0,0,True
443721,2013-09-07,1,BEVERAGES,1088.0,0,True
445503,2013-09-08,1,BEVERAGES,343.0,0,True
447285,2013-09-09,1,BEVERAGES,799.0,0,True
449067,2013-09-10,1,BEVERAGES,818.0,0,True
450849,2013-09-11,1,BEVERAGES,962.0,0,True
452631,2013-09-12,1,BEVERAGES,934.0,0,True
454413,2013-09-13,1,BEVERAGES,784.0,0,True
456195,2013-09-14,1,BEVERAGES,1180.0,0,True
457977,2013-09-15,1,BEVERAGES,447.0,0,True
459759,2013-09-16,1,BEVERAGES,971.0,0,True
461541,2013-09-17,1,BEVERAGES,764.0,0,True
463323,2013-09-18,1,BEVERAGES,827.0,0,True
465105,2013-09-19,1,BEVERAGES,848.0,0,True
466887,2013-09-20,1,BEVERAGES,913.0,0,True
468669,2013-09-21,1,BEVERAGES,1034.0,0,True
470451,2013-09-22,1,BEVERAGES,469.0,0,True
472233,2013-09-23,1,BEVERAGES,968.0,0,True
474015,2013-09-24,1,BEVERAGES,896.0,0,True
475797,2013-09-25,1,BEVERAGES,1058.0,0,True
477579,2013-09-26,1,BEVERAGES,1104.0,0,True
479361,2013-09-27,1,BEVERAGES,1025.0,0,True
481143,2013-09-28,1,BEVERAGES,1048.0,0,True
482925,2013-09-29,1,BEVERAGES,470.0,0,True
484707,2013-09-30,1,BEVERAGES,1001.0,0,True
486489,2013-10-01,1,BEVERAGES,947.0,0,True
488271,2013-10-02,1,BEVERAGES,1285.0,0,True
490053,2013-10-03,1,BEVERAGES,842.0,0,True
491835,2013-10-04,1,BEVERAGES,1162.0,0,True
493617,2013-10-05,1,BEVERAGES,1068.0,0,True
495399,2013-10-06,1,BEVERAGES,393.0,0,True
497181,2013-10-07,1,BEVERAGES,956.0,0,True
498963,2013-10-08,1,BEVERAGES,971.0,0,True
500745,2013-10-09,1,BEVERAGES,913.0,0,True
502527,2013-10-10,1,BEVERAGES,984.0,0,True
504309,2013-10-11,1,BEVERAGES,539.0,0,True
506091,2013-10-12,1,BEVERAGES,752.0,0,True
507873,2013-10-13,1,BEVERAGES,472.0,0,True
509655,2013-10-14,1,BEVERAGES,926.0,0,True
511437,2013-10-15,1,BEVERAGES,725.0,0,True
513219,2013-10-16,1,BEVERAGES,884.0,0,True
515001,2013-10-17,1,BEVERAGES,897.0,0,True
516783,2013-10-18,1,BEVERAGES,932.0,0,True
518565,2013-10-19,1,BEVERAGES,981.0,0,True
520347,2013-10-20,1,BEVERAGES,455.0,0,True
522129,2013-10-21,1,BEVERAGES,1030.0,0,True
523911,2013-10-22,1,BEVERAGES,801.0,0,True
525693,2013-10-23,1,BEVERAGES,835.0,0,True
527475,2013-10-24,1,BEVERAGES,816.0,0,True
529257,2013-10-25,1,BEVERAGES,900.0,0,True
531039,2013-10-26,1,BEVERAGES,967.0,0,True
532821,2013-10-27,1,BEVERAGES,424.0,0,True
534603,2013-10-28,1,BEVERAGES,902.0,0,True
536385,2013-10-29,1,BEVERAGES,890.0,0,True
538167,2013-10-30,1,BEVERAGES,830.0,0,True
539949,2013-10-31,1,BEVERAGES,764.0,0,True
541731,2013-11-01,1,BEVERAGES,990.0,0,True
543513,2013-11-02,1,BEVERAGES,1030.0,0,True
545295,2013-11-03,1,BEVERAGES,441.0,0,True
547077,2013-11-04,1,BEVERAGES,1002.0,0,True
548859,2013-11-05,1,BEVERAGES,853.0,0,True
550641,2013-11-06,1,BEVERAGES,1009.0,0,True
552423,2013-11-07,1,BEVERAGES,901.0,0,True
554205,2013-11-08,1,BEVERAGES,1088.0,0,True
555987,2013-11-09,1,BEVERAGES,940.0,0,True
557769,2013-11-10,1,BEVERAGES,430.0,0,True
559551,2013-11-11,1,BEVERAGES,835.0,0,True
561333,2013-11-12,1,BEVERAGES,819.0,0,True
563115,2013-11-13,1,BEVERAGES,1148.0,0,True
564897,2013-11-14,1,BEVERAGES,922.0,0,True
566679,2013-11-15,1,BEVERAGES,899.0,0,True
568461,2013-11-16,1,BEVERAGES,971.0,0,True
570243,2013-11-17,1,BEVERAGES,363.0,0,True
572025,2013-11-18,1,BEVERAGES,901.0,0,True
573807,2013-11-19,1,BEVERAGES,1019.0,0,True
575589,2013-11-20,1,BEVERAGES,1027.0,0,True
577371,2013-11-21,1,BEVERAGES,791.0,0,True
579153,2013-11-22,1,BEVERAGES,834.0,0,True
580935,2013-11-23,1,BEVERAGES,887.0,0,True
582717,2013-11-24,1,BEVERAGES,386.0,0,True
584499,2013-11-25,1,BEVERAGES,939.0,0,True
586281,2013-11-26,1,BEVERAGES,860.0,0,True
588063,2013-11-27,1,BEVERAGES,1049.0,0,True
589845,2013-11-28,1,BEVERAGES,783.0,0,True
591627,2013-11-29,1,BEVERAGES,924.0,0,True
593409,2013-11-30,1,BEVERAGES,987.0,0,True
595191,2013-12-01,1,BEVERAGES,431.0,0,True
596973,2013-12-02,1,BEVERAGES,991.0,0,True
598755,2013-12-03,1,BEVERAGES,982.0,0,True
600537,2013-12-04,1,BEVERAGES,1141.0,0,True
602319,2013-12-05,1,BEVERAGES,1008.0,0,True
604101,2013-12-06,1,BEVERAGES,332.0,0,True
605883,2013-12-07,1,BEVERAGES,864.0,0,True
607665,2013-12-08,1,BEVERAGES,322.0,0,True
609447,2013-12-09,1,BEVERAGES,971.0,0,True
611229,2013-12-10,1,BEVERAGES,1030.0,0,True
613011,2013-12-11,1,BEVERAGES,1085.0,0,True
614793,2013-12-12,1,BEVERAGES,1190.0,0,True
616575,2013-12-13,1,BEVERAGES,1143.0,0,True
618357,2013-12-14,1,BEVERAGES,1245.0,0,True
620139,2013-12-15,1,BEVERAGES,462.0,0,True
621921,2013-12-16,1,BEVERAGES,1147.0,0,True
623703,2013-12-17,1,BEVERAGES,921.0,0,True
625485,2013-12-18,1,BEVERAGES,1122.0,0,True
627267,2013-12-19,1,BEVERAGES,1192.0,0,True
629049,2013-12-20,1,BEVERAGES,1169.0,0,True
630831,2013-12-21,1,BEVERAGES,1265.0,0,True
632613,2013-12-22,1,BEVERAGES,796.0,0,True
634395,2013-12-23,1,BEVERAGES,1464.0,0,True
636177,2013-12-24,1,BEVERAGES,1248.0,0,True
637959,2013-12-26,1,BEVERAGES,1009.0,0,True
639741,2013-12-27,1,BEVERAGES,1025.0,0,True
641523,2013-12-28,1,BEVERAGES,803.0,0,True
643305,2013-12-29,1,BEVERAGES,242.0,0,True
645087,2013-12-30,1,BEVERAGES,1001.0,0,True
646869,2013-12-31,1,BEVERAGES,840.0,0,True
648651,2014-01-01,1,BEVERAGES,0.0,0,False
650433,2014-01-02,1,BEVERAGES,2524.0,0,True
652215,2014-01-03,1,BEVERAGES,2192.0,0,True
653997,2014-01-04,1,BEVERAGES,2282.0,0,True
655779,2014-01-05,1,BEVERAGES,989.0,0,True
657561,2014-01-06,1,BEVERAGES,2417.0,0,True
659343,2014-01-07,1,BEVERAGES,1963.0,0,True
661125,2014-01-08,1,BEVERAGES,2285.0,0,True
662907,2014-01-09,1,BEVERAGES,1982.0,0,True
664689,2014-01-10,1,BEVERAGES,2059.0,0,True
666471,2014-01-11,1,BEVERAGES,2152.0,0,True
668253,2014-01-12,1,BEVERAGES,998.0,0,True
670035,2014-01-13,1,BEVERAGES,2275.0,0,True
671817,2014-01-14,1,BEVERAGES,1911.0,0,True
673599,2014-01-15,1,BEVERAGES,2503.0,0,True
675381,2014-01-16,1,BEVERAGES,1747.0,0,True
677163,2014-01-17,1,BEVERAGES,2085.0,0,True
678945,2014-01-18,1,BEVERAGES,2183.0,0,True
680727,2014-01-19,1,BEVERAGES,1039.0,0,True
682509,2014-01-20,1,BEVERAGES,1834.0,0,True
684291,2014-01-21,1,BEVERAGES,2243.0,0,True
686073,2014-01-22,1,BEVERAGES,2168.0,0,True
687855,2014-01-23,1,BEVERAGES,1781.0,0,True
689637,2014-01-24,1,BEVERAGES,2246.0,0,True
691419,2014-01-25,1,BEVERAGES,1840.0,0,True
693201,2014-01-26,1,BEVERAGES,857.0,0,True
694983,2014-01-27,1,BEVERAGES,2003.0,0,True
696765,2014-01-28,1,BEVERAGES,1852.0,0,True
698547,2014-01-29,1,BEVERAGES,1964.0,0,True
700329,2014-01-30,1,BEVERAGES,1788.0,0,True
702111,2014-01-31,1,BEVERAGES,2000.0,0,True
703893,2014-02-01,1,BEVERAGES,1216.0,0,True
705675,2014-02-02,1,BEVERAGES,401.0,0,True
707457,2014-02-03,1,BEVERAGES,793.0,0,True
709239,2014-02-04,1,BEVERAGES,823.0,0,True
711021,2014-02-05,1,BEVERAGES,961.0,0,True
712803,2014-02-06,1,BEVERAGES,870.0,0,True
714585,2014-02-07,1,BEVERAGES,977.0,0,True
716367,2014-02-08,1,BEVERAGES,994.0,0,True
718149,2014-02-09,1,BEVERAGES,389.0,0,True
719931,2014-02-10,1,BEVERAGES,815.0,0,True
721713,2014-02-11,1,BEVERAGES,1028.0,0,True
723495,2014-02-12,1,BEVERAGES,1078.0,0,True
725277,2014-02-13,1,BEVERAGES,1127.0,0,True
727059,2014-02-14,1,BEVERAGES,1160.0,0,True
728841,2014-02-15,1,BEVERAGES,1171.0,0,True
730623,2014-02-16,1,BEVERAGES,415.0,0,True
732405,2014-02-17,1,BEVERAGES,919.0,0,True
734187,2014-02-18,1,BEVERAGES,972.0,0,True
735969,2014-02-19,1,BEVERAGES,1113.0,0,True
737751,2014-02-20,1,BEVERAGES,864.0,0,True
739533,2014-02-21,1,BEVERAGES,827.0,0,True
741315,2014-02-22,1,BEVERAGES,1070.0,0,True
743097,2014-02-23,1,BEVERAGES,444.0,0,True
744879,2014-02-24,1,BEVERAGES,1092.0,0,True
746661,2014-02-25,1,BEVERAGES,998.0,0,True
748443,2014-02-26,1,BEVERAGES,892.0,0,True
750225,2014-02-27,1,BEVERAGES,763.0,0,True
752007,2014-02-28,1,BEVERAGES,977.0,0,True
753789,2014-03-01,1,BEVERAGES,1686.0,0,True
755571,2014-03-02,1,BEVERAGES,433.0,0,True
757353,2014-03-03,1,BEVERAGES,621.0,0,True
759135,2014-03-04,1,BEVERAGES,787.0,0,True
760917,2014-03-05,1,BEVERAGES,2248.0,0,True
762699,2014-03-06,1,BEVERAGES,2140.0,0,True
764481,2014-03-07,1,BEVERAGES,2216.0,0,True
766263,2014-03-08,1,BEVERAGES,2087.0,0,True
768045,2014-03-09,1,BEVERAGES,1084.0,0,True
769827,2014-03-10,1,BEVERAGES,2085.0,0,True
771609,2014-03-11,1,BEVERAGES,1905.0,0,True
773391,2014-03-12,1,BEVERAGES,2268.0,0,True
775173,2014-03-13,1,BEVERAGES,1732.0,0,True
776955,2014-03-14,1,BEVERAGES,2036.0,0,True
778737,2014-03-15,1,BEVERAGES,1948.0,0,True
780519,2014-03-16,1,BEVERAGES,1116.0,0,True
782301,2014-03-17,1,BEVERAGES,2049.0,0,True
784083,2014-03-18,1,BEVERAGES,2009.0,0,True
785865,2014-03-19,1,BEVERAGES,2220.0,0,True
787647,2014-03-20,1,BEVERAGES,1730.0,0,True
789429,2014-03-21,1,BEVERAGES,2094.0,0,True
791211,2014-03-22,1,BEVERAGES,2199.0,0,True
792993,2014-03-23,1,BEVERAGES,929.0,0,True
794775,2014-03-24,1,BEVERAGES,2110.0,0,True
796557,2014-03-25,1,BEVERAGES,2022.0,0,True
798339,2014-03-26,1,BEVERAGES,2084.0,0,True
800121,2014-03-27,1,BEVERAGES,1686.0,0,True
801903,2014-03-28,1,BEVERAGES,1942.0,0,True
803685,2014-03-29,1,BEVERAGES,2492.0,0,True
805467,2014-03-30,1,BEVERAGES,1059.0,0,True
807249,2014-03-31,1,BEVERAGES,2071.0,0,True
809031,2014-04-01,1,BEVERAGES,1096.0,0,True
810813,2014-04-02,1,BEVERAGES,1340.0,0,True
812595,2014-04-03,1,BEVERAGES,940.0,0,True
814377,2014-04-04,1,BEVERAGES,1105.0,0,True
816159,2014-04-05,1,BEVERAGES,1191.0,0,True
817941,2014-04-06,1,BEVERAGES,559.0,0,True
819723,2014-04-07,1,BEVERAGES,1209.0,0,True
821505,2014-04-08,1,BEVERAGES,892.0,0,True
823287,2014-04-09,1,BEVERAGES,1134.0,0,True
825069,2014-04-10,1,BEVERAGES,1035.0,0,True
826851,2014-04-11,1,BEVERAGES,1082.0,0,True
828633,2014-04-12,1,BEVERAGES,1036.0,0,True
830415,2014-04-13,1,BEVERAGES,436.0,0,True
832197,2014-04-14,1,BEVERAGES,1056.0,0,True
833979,2014-04-15,1,BEVERAGES,1038.0,0,True
835761,2014-04-16,1,BEVERAGES,1074.0,0,True
837543,2014-04-17,1,BEVERAGES,972.0,0,True
839325,2014-04-18,1,BEVERAGES,370.0,0,True
841107,2014-04-19,1,BEVERAGES,800.0,0,True
842889,2014-04-20,1,BEVERAGES,406.0,0,True
844671,2014-04-21,1,BEVERAGES,1371.0,0,True
846453,2014-04-22,1,BEVERAGES,1079.0,0,True
848235,2014-04-23,1,BEVERAGES,1062.0,0,True
850017,2014-04-24,1,BEVERAGES,995.0,0,True
851799,2014-04-25,1,BEVERAGES,1190.0,0,True
853581,2014-04-26,1,BEVERAGES,1150.0,0,True
855363,2014-04-27,1,BEVERAGES,339.0,0,True
857145,2014-04-28,1,BEVERAGES,995.0,0,True
858927,2014-04-29,1,BEVERAGES,872.0,0,True
860709,2014-04-30,1,BEVERAGES,1202.0,0,True
862491,2014-05-01,1,BEVERAGES,348.0,0,True
864273,2014-05-02,1,BEVERAGES,1106.0,0,True
866055,2014-05-03,1,BEVERAGES,1172.0,0,True
867837,2014-05-04,1,BEVERAGES,491.0,0,True
869619,2014-05-05,1,BEVERAGES,794.0,0,True
871401,2014-05-06,1,BEVERAGES,1046.0,0,True
873183,2014-05-07,1,BEVERAGES,1010.0,0,True
874965,2014-05-08,1,BEVERAGES,855.0,0,True
876747,2014-05-09,1,BEVERAGES,948.0,0,True
878529,2014-05-10,1,BEVERAGES,1178.0,0,True
880311,2014-05-11,1,BEVERAGES,442.0,0,True
882093,2014-05-12,1,BEVERAGES,888.0,0,True
883875,2014-05-13,1,BEVERAGES,1122.0,0,True
885657,2014-05-14,1,BEVERAGES,1040.0,0,True
887439,2014-05-15,1,BEVERAGES,1016.0,0,True
889221,2014-05-16,1,BEVERAGES,1006.0,0,True
891003,2014-05-17,1,BEVERAGES,1093.0,0,True
892785,2014-05-18,1,BEVERAGES,385.0,0,True
894567,2014-05-19,1,BEVERAGES,1052.0,0,True
896349,2014-05-20,1,BEVERAGES,944.0,0,True
898131,2014-05-21,1,BEVERAGES,1052.0,0,True
899913,2014-05-22,1,BEVERAGES,813.0,0,True
901695,2014-05-23,1,BEVERAGES,961.0,0,True
903477,2014-05-24,1,BEVERAGES,1119.0,0,True
905259,2014-05-25,1,BEVERAGES,496.0,0,True
907041,2014-05-26,1,BEVERAGES,1085.0,0,True
908823,2014-05-27,1,BEVERAGES,795.0,0,True
910605,2014-05-28,1,BEVERAGES,1102.0,0,True
912387,2014-05-29,1,BEVERAGES,730.0,0,True
914169,2014-05-30,1,BEVERAGES,1046.0,0,True
915951,2014-05-31,1,BEVERAGES,1128.0,0,True
917733,2014-06-01,1,BEVERAGES,438.0,0,True
919515,2014-06-02,1,BEVERAGES,977.0,0,True
921297,2014-06-03,1,BEVERAGES,979.0,0,True
923079,2014-06-04,1,BEVERAGES,1071.0,0,True
924861,2014-06-05,1,BEVERAGES,851.0,0,True
926643,2014-06-06,1,BEVERAGES,1066.0,0,True
928425,2014-06-07,1,BEVERAGES,990.0,0,True
930207,2014-06-08,1,BEVERAGES,327.0,0,True
931989,2014-06-09,1,BEVERAGES,938.0,0,True
933771,2014-06-10,1,BEVERAGES,1100.0,0,True
935553,2014-06-11,1,BEVERAGES,1159.0,0,True
937335,2014-06-12,1,BEVERAGES,961.0,0,True
939117,2014-06-13,1,BEVERAGES,1023.0,0,True
940899,2014-06-14,1,BEVERAGES,1304.0,0,True
942681,2014-06-15,1,BEVERAGES,347.0,0,True
944463,2014-06-16,1,BEVERAGES,1089.0,0,True
946245,2014-06-17,1,BEVERAGES,1056.0,0,True
948027,2014-06-18,1,BEVERAGES,1136.0,0,True
949809,2014-06-19,1,BEVERAGES,927.0,0,True
951591,2014-06-20,1,BEVERAGES,1294.0,0,True
953373,2014-06-21,1,BEVERAGES,1176.0,0,True
955155,2014-06-22,1,BEVERAGES,450.0,0,True
956937,2014-06-23,1,BEVERAGES,1111.0,0,True
958719,2014-06-24,1,BEVERAGES,920.0,0,True
960501,2014-06-25,1,BEVERAGES,1202.0,0,True
962283,2014-06-26,1,BEVERAGES,1132.0,0,True
964065,2014-06-27,1,BEVERAGES,1152.0,0,True
965847,2014-06-28,1,BEVERAGES,1039.0,0,True
967629,2014-06-29,1,BEVERAGES,379.0,0,True
969411,2014-06-30,1,BEVERAGES,1019.0,0,True
971193,2014-07-01,1,BEVERAGES,1868.0,0,True
972975,2014-07-02,1,BEVERAGES,2803.0,4,True
974757,2014-07-03,1,BEVERAGES,1992.0,4,True
976539,2014-07-04,1,BEVERAGES,2302.0,2,True
978321,2014-07-05,1,BEVERAGES,1919.0,2,True
980103,2014-07-06,1,BEVERAGES,903.0,2,True
981885,2014-07-07,1,BEVERAGES,2161.0,2,True
983667,2014-07-08,1,BEVERAGES,1838.0,3,True
985449,2014-07-09,1,BEVERAGES,2232.0,3,True
987231,2014-07-10,1,BEVERAGES,1933.0,3,True
989013,2014-07-11,1,BEVERAGES,2132.0,3,True
990795,2014-07-12,1,BEVERAGES,2122.0,3,True
992577,2014-07-13,1,BEVERAGES,985.0,2,True
994359,2014-07-14,1,BEVERAGES,2260.0,2,True
996141,2014-07-15,1,BEVERAGES,1910.0,1,True
997923,2014-07-16,1,BEVERAGES,2333.0,2,True
999705,2014-07-17,1,BEVERAGES,1736.0,0,True
1001487,2014-07-18,1,BEVERAGES,2349.0,0,True
1003269,2014-07-19,1,BEVERAGES,2178.0,0,True
1005051,2014-07-20,1,BEVERAGES,768.0,0,True
1006833,2014-07-21,1,BEVERAGES,2229.0,0,True
1008615,2014-07-22,1,BEVERAGES,1873.0,1,True
1010397,2014-07-23,1,BEVERAGES,2026.0,0,True
1012179,2014-07-24,1,BEVERAGES,1865.0,0,True
1013961,2014-07-25,1,BEVERAGES,1920.0,0,True
1015743,2014-07-26,1,BEVERAGES,2101.0,0,True
1017525,2014-07-27,1,BEVERAGES,821.0,0,True
1019307,2014-07-28,1,BEVERAGES,1835.0,0,True
1021089,2014-07-29,1,BEVERAGES,1933.0,0,True
1022871,2014-07-30,1,BEVERAGES,2216.0,0,True
1024653,2014-07-31,1,BEVERAGES,1810.0,0,True
1026435,2014-08-01,1,BEVERAGES,1212.0,0,True
1028217,2014-08-02,1,BEVERAGES,1067.0,0,True
1029999,2014-08-03,1,BEVERAGES,363.0,0,True
1031781,2014-08-04,1,BEVERAGES,1241.0,1,True
1033563,2014-08-05,1,BEVERAGES,956.0,1,True
1035345,2014-08-06,1,BEVERAGES,964.0,0,True
1037127,2014-08-07,1,BEVERAGES,991.0,0,True
1038909,2014-08-08,1,BEVERAGES,1144.0,0,True
1040691,2014-08-09,1,BEVERAGES,1177.0,3,True
1042473,2014-08-10,1,BEVERAGES,397.0,2,True
1044255,2014-08-11,1,BEVERAGES,890.0,0,True
1046037,2014-08-12,1,BEVERAGES,918.0,3,True
1047819,2014-08-13,1,BEVERAGES,1212.0,1,True
1049601,2014-08-14,1,BEVERAGES,1025.0,0,True
1051383,2014-08-15,1,BEVERAGES,1247.0,1,True
1053165,2014-08-16,1,BEVERAGES,1072.0,2,True
1054947,2014-08-17,1,BEVERAGES,491.0,1,True
1056729,2014-08-18,1,BEVERAGES,920.0,1,True
1058511,2014-08-19,1,BEVERAGES,883.0,2,True
1060293,2014-08-20,1,BEVERAGES,1194.0,2,True
1062075,2014-08-21,1,BEVERAGES,938.0,3,True
1063857,2014-08-22,1,BEVERAGES,1111.0,2,True
1065639,2014-08-23,1,BEVERAGES,934.0,2,True
1067421,2014-08-24,1,BEVERAGES,382.0,1,True
1069203,2014-08-25,1,BEVERAGES,855.0,3,True
1070985,2014-08-26,1,BEVERAGES,771.0,1,True
1072767,2014-08-27,1,BEVERAGES,1096.0,1,True
1074549,2014-08-28,1,BEVERAGES,827.0,0,True
1076331,2014-08-29,1,BEVERAGES,1293.0,0,True
1078113,2014-08-30,1,BEVERAGES,1173.0,0,True
1079895,2014-08-31,1,BEVERAGES,441.0,0,True
1081677,2014-09-01,1,BEVERAGES,2193.0,1,True
1083459,2014-09-02,1,BEVERAGES,2214.0,2,True
1085241,2014-09-03,1,BEVERAGES,2182.0,3,True
1087023,2014-09-04,1,BEVERAGES,1725.0,1,True
1088805,2014-09-05,1,BEVERAGES,2349.0,1,True
1090587,2014-09-06,1,BEVERAGES,2282.0,1,True
1092369,2014-09-07,1,BEVERAGES,962.0,1,True
1094151,2014-09-08,1,BEVERAGES,2220.0,1,True
1095933,2014-09-09,1,BEVERAGES,2062.0,1,True
1097715,2014-09-10,1,BEVERAGES,2067.0,3,True
1099497,2014-09-11,1,BEVERAGES,1829.0,2,True
1101279,2014-09-12,1,BEVERAGES,2130.0,3,True
1103061,2014-09-13,1,BEVERAGES,2221.0,3,True
1104843,2014-09-14,1,BEVERAGES,1016.0,1,True
1106625,2014-09-15,1,BEVERAGES,1822.0,4,True
1108407,2014-09-16,1,BEVERAGES,1868.0,3,True
1110189,2014-09-17,1,BEVERAGES,2158.0,3,True
1111971,2014-09-18,1,BEVERAGES,1831.0,5,True
1113753,2014-09-19,1,BEVERAGES,1944.0,1,True
1115535,2014-09-20,1,BEVERAGES,2285.0,3,True
1117317,2014-09-21,1,BEVERAGES,1110.0,2,True
1119099,2014-09-22,1,BEVERAGES,1842.0,1,True
1120881,2014-09-23,1,BEVERAGES,1907.0,1,True
1122663,2014-09-24,1,BEVERAGES,2282.0,3,True
1124445,2014-09-25,1,BEVERAGES,1887.0,2,True
1126227,2014-09-26,1,BEVERAGES,1901.0,3,True
1128009,2014-09-27,1,BEVERAGES,2387.0,2,True
1129791,2014-09-28,1,BEVERAGES,913.0,1,True
1131573,2014-09-29,1,BEVERAGES,2015.0,1,True
1133355,2014-09-30,1,BEVERAGES,2000.0,2,True
1135137,2014-10-01,1,BEVERAGES,2913.0,3,True
1136919,2014-10-02,1,BEVERAGES,2115.0,2,True
1138701,2014-10-03,1,BEVERAGES,2369.0,3,True
1140483,2014-10-04,1,BEVERAGES,2858.0,3,True
1142265,2014-10-05,1,BEVERAGES,1159.0,1,True
1144047,2014-10-06,1,BEVERAGES,2157.0,4,True
1145829,2014-10-07,1,BEVERAGES,1924.0,2,True
1147611,2014-10-08,1,BEVERAGES,2207.0,1,True
1149393,2014-10-09,1,BEVERAGES,1827.0,1,True
1151175,2014-10-10,1,BEVERAGES,927.0,2,True
1152957,2014-10-11,1,BEVERAGES,1850.0,2,True
1154739,2014-10-12,1,BEVERAGES,943.0,0,True
1156521,2014-10-13,1,BEVERAGES,2013.0,1,True
1158303,2014-10-14,1,BEVERAGES,2457.0,5,True
1160085,2014-10-15,1,BEVERAGES,2392.0,2,True
1161867,2014-10-16,1,BEVERAGES,1860.0,1,True
1163649,2014-10-17,1,BEVERAGES,1916.0,2,True
1165431,2014-10-18,1,BEVERAGES,2455.0,1,True
1167213,2014-10-19,1,BEVERAGES,1138.0,1,True
1168995,2014-10-20,1,BEVERAGES,1988.0,1,True
1170777,2014-10-21,1,BEVERAGES,1876.0,2,True
1172559,2014-10-22,1,BEVERAGES,2366.0,1,True
1174341,2014-10-23,1,BEVERAGES,1534.0,2,True
1176123,2014-10-24,1,BEVERAGES,1969.0,1,True
1177905,2014-10-25,1,BEVERAGES,2069.0,1,True
1179687,2014-10-26,1,BEVERAGES,1059.0,0,True
1181469,2014-10-27,1,BEVERAGES,1706.0,1,True
1183251,2014-10-28,1,BEVERAGES,1688.0,2,True
1185033,2014-10-29,1,BEVERAGES,2261.0,1,True
1186815,2014-10-30,1,BEVERAGES,1995.0,0,True
1188597,2014-10-31,1,BEVERAGES,1821.0,1,True
1190379,2014-11-01,1,BEVERAGES,1690.0,0,True
1192161,2014-11-02,1,BEVERAGES,710.0,1,True
1193943,2014-11-03,1,BEVERAGES,958.0,0,True
1195725,2014-11-04,1,BEVERAGES,1916.0,1,True
1197507,2014-11-05,1,BEVERAGES,2500.0,1,True
1199289,2014-11-06,1,BEVERAGES,1898.0,1,True
1201071,2014-11-07,1,BEVERAGES,2122.0,5,True
1202853,2014-11-08,1,BEVERAGES,2279.0,1,True
1204635,2014-11-09,1,BEVERAGES,995.0,1,True
1206417,2014-11-10,1,BEVERAGES,1881.0,1,True
1208199,2014-11-11,1,BEVERAGES,2195.0,1,True
1209981,2014-11-12,1,BEVERAGES,2047.0,1,True
1211763,2014-11-13,1,BEVERAGES,1901.0,1,True
1213545,2014-11-14,1,BEVERAGES,1997.0,0,True
1215327,2014-11-15,1,BEVERAGES,2301.0,1,True
1217109,2014-11-16,1,BEVERAGES,1093.0,1,True
1218891,2014-11-17,1,BEVERAGES,2090.0,1,True
1220673,2014-11-18,1,BEVERAGES,2075.0,1,True
1222455,2014-11-19,1,BEVERAGES,2126.0,1,True
1224237,2014-11-20,1,BEVERAGES,1844.0,2,True
1226019,2014-11-21,1,BEVERAGES,1829.0,3,True
1227801,2014-11-22,1,BEVERAGES,2111.0,2,True
1229583,2014-11-23,1,BEVERAGES,964.0,1,True
1231365,2014-11-24,1,BEVERAGES,1844.0,3,True
1233147,2014-11-25,1,BEVERAGES,1884.0,2,True
1234929,2014-11-26,1,BEVERAGES,2371.0,1,True
1236711,2014-11-27,1,BEVERAGES,1677.0,1,True
1238493,2014-11-28,1,BEVERAGES,2014.0,2,True
1240275,2014-11-29,1,BEVERAGES,2015.0,0,True
1242057,2014-11-30,1,BEVERAGES,1010.0,0,True
1243839,2014-12-01,1,BEVERAGES,2254.0,0,True
1245621,2014-12-02,1,BEVERAGES,2161.0,4,True
1247403,2014-12-03,1,BEVERAGES,2380.0,0,True
1249185,2014-12-04,1,BEVERAGES,2259.0,4,True
1250967,2014-12-05,1,BEVERAGES,2083.0,1,True
1252749,2014-12-06,1,BEVERAGES,1737.0,1,True
1254531,2014-12-07,1,BEVERAGES,976.0,2,True
1256313,2014-12-08,1,BEVERAGES,2060.0,1,True
1258095,2014-12-09,1,BEVERAGES,1992.0,1,True
1259877,2014-12-10,1,BEVERAGES,2453.0,1,True
1261659,2014-12-11,1,BEVERAGES,3366.0,0,True
1263441,2014-12-12,1,BEVERAGES,2014.0,2,True
1265223,2014-12-13,1,BEVERAGES,2255.0,3,True
1267005,2014-12-14,1,BEVERAGES,1041.0,4,True
1268787,2014-12-15,1,BEVERAGES,2468.0,2,True
1270569,2014-12-16,1,BEVERAGES,2381.0,0,True
1272351,2014-12-17,1,BEVERAGES,2341.0,0,True
1274133,2014-12-18,1,BEVERAGES,2003.0,1,True
1275915,2014-12-19,1,BEVERAGES,2198.0,0,True
1277697,2014-12-20,1,BEVERAGES,2472.0,3,True
1279479,2014-12-21,1,BEVERAGES,1466.0,1,True
1281261,2014-12-22,1,BEVERAGES,2309.0,2,True
1283043,2014-12-23,1,BEVERAGES,2256.0,13,True
1284825,2014-12-24,1,BEVERAGES,2117.0,6,True
1286607,2014-12-26,1,BEVERAGES,1764.0,4,True
1288389,2014-12-27,1,BEVERAGES,1366.0,7,True
1290171,2014-12-28,1,BEVERAGES,562.0,2,True
1291953,2014-12-29,1,BEVERAGES,1972.0,7,True
1293735,2014-12-30,1,BEVERAGES,2067.0,5,True
1295517,2014-12-31,1,BEVERAGES,1976.0,5,True
1297299,2015-01-01,1,BEVERAGES,0.0,0,False
1299081,2015-01-02,1,BEVERAGES,794.0,1,True
1300863,2015-01-03,1,BEVERAGES,938.0,1,True
1302645,2015-01-04,1,BEVERAGES,574.0,2,True
1304427,2015-01-05,1,BEVERAGES,1299.0,2,True
1306209,2015-01-06,1,BEVERAGES,1028.0,3,True
1307991,2015-01-07,1,BEVERAGES,1165.0,2,True
1309773,2015-01-08,1,BEVERAGES,971.0,1,True
1311555,2015-01-09,1,BEVERAGES,1156.0,2,True
1313337,2015-01-10,1,BEVERAGES,1395.0,0,True
1315119,2015-01-11,1,BEVERAGES,524.0,0,True
1316901,2015-01-12,1,BEVERAGES,1235.0,0,True
1318683,2015-01-13,1,BEVERAGES,1295.0,0,True
1320465,2015-01-14,1,BEVERAGES,1200.0,2,True
1322247,2015-01-15,1,BEVERAGES,925.0,1,True
1324029,2015-01-16,1,BEVERAGES,1317.0,0,True
1325811,2015-01-17,1,BEVERAGES,1500.0,0,True
1327593,2015-01-18,1,BEVERAGES,516.0,0,True
1329375,2015-01-19,1,BEVERAGES,991.0,0,True
1331157,2015-01-20,1,BEVERAGES,1003.0,0,True
1332939,2015-01-21,1,BEVERAGES,993.0,0,True
1334721,2015-01-22,1,BEVERAGES,942.0,0,True
1336503,2015-01-23,1,BEVERAGES,1281.0,1,True
1338285,2015-01-24,1,BEVERAGES,1136.0,1,True
1340067,2015-01-25,1,BEVERAGES,387.0,1,True
1341849,2015-01-26,1,BEVERAGES,841.0,0,True
1343631,2015-01-27,1,BEVERAGES,890.0,1,True
1345413,2015-01-28,1,BEVERAGES,1156.0,0,True
1347195,2015-01-29,1,BEVERAGES,1110.0,1,True
1348977,2015-01-30,1,BEVERAGES,937.0,1,True
1350759,2015-01-31,1,BEVERAGES,1314.0,1,True
1352541,2015-02-01,1,BEVERAGES,596.0,1,True
1354323,2015-02-02,1,BEVERAGES,1177.0,1,True
1356105,2015-02-03,1,BEVERAGES,1030.0,1,True
1357887,2015-02-04,1,BEVERAGES,1082.0,3,True
1359669,2015-02-05,1,BEVERAGES,935.0,1,True
1361451,2015-02-06,1,BEVERAGES,1164.0,1,True
1363233,2015-02-07,1,BEVERAGES,1132.0,1,True
1365015,2015-02-08,1,BEVERAGES,469.0,1,True
1366797,2015-02-09,1,BEVERAGES,967.0,1,True
1368579,2015-02-10,1,BEVERAGES,971.0,2,True
1370361,2015-02-11,1,BEVERAGES,940.0,1,True
1372143,2015-02-12,1,BEVERAGES,882.0,1,True
1373925,2015-02-13,1,BEVERAGES,1089.0,2,True
1375707,2015-02-14,1,BEVERAGES,890.0,1,True
1377489,2015-02-15,1,BEVERAGES,325.0,1,True
1379271,2015-02-16,1,BEVERAGES,397.0,1,True
1381053,2015-02-17,1,BEVERAGES,318.0,0,True
1382835,2015-02-18,1,BEVERAGES,1103.0,1,True
1384617,2015-02-19,1,BEVERAGES,685.0,0,True
1386399,2015-02-20,1,BEVERAGES,1135.0,0,True
1388181,2015-02-21,1,BEVERAGES,1235.0,0,True
1389963,2015-02-22,1,BEVERAGES,490.0,0,True
1391745,2015-02-23,1,BEVERAGES,984.0,0,True
1393527,2015-02-24,1,BEVERAGES,965.0,1,True
1395309,2015-02-25,1,BEVERAGES,990.0,0,True
1397091,2015-02-26,1,BEVERAGES,1007.0,0,True
1398873,2015-02-27,1,BEVERAGES,1093.0,0,True
1400655,2015-02-28,1,BEVERAGES,1096.0,0,True
1402437,2015-03-01,1,BEVERAGES,533.0,0,True
1404219,2015-03-02,1,BEVERAGES,1032.0,1,True
1406001,2015-03-03,1,BEVERAGES,1338.0,2,True
1407783,2015-03-04,1,BEVERAGES,1155.0,1,True
1409565,2015-03-05,1,BEVERAGES,1032.0,0,True
1411347,2015-03-06,1,BEVERAGES,1043.0,0,True
1413129,2015-03-07,1,BEVERAGES,1304.0,0,True
1414911,2015-03-08,1,BEVERAGES,470.0,0,True
1416693,2015-03-09,1,BEVERAGES,1296.0,0,True
1418475,2015-03-10,1,BEVERAGES,1300.0,0,True
1420257,2015-03-11,1,BEVERAGES,1241.0,0,True
1422039,2015-03-12,1,BEVERAGES,988.0,0,True
1423821,2015-03-13,1,BEVERAGES,1545.0,0,True
1425603,2015-03-14,1,BEVERAGES,1198.0,0,True
1427385,2015-03-15,1,BEVERAGES,532.0,0,True
1429167,2015-03-16,1,BEVERAGES,1107.0,1,True
1430949,2015-03-17,1,BEVERAGES,1034.0,0,True
1432731,2015-03-18,1,BEVERAGES,812.0,0,True
1434513,2015-03-19,1,BEVERAGES,867.0,0,True
1436295,2015-03-20,1,BEVERAGES,1185.0,0,True
1438077,2015-03-21,1,BEVERAGES,1172.0,0,True
1439859,2015-03-22,1,BEVERAGES,459.0,0,True
1441641,2015-03-23,1,BEVERAGES,1018.0,0,True
1443423,2015-03-24,1,BEVERAGES,859.0,0,True
1445205,2015-03-25,1,BEVERAGES,956.0,0,True
1446987,2015-03-26,1,BEVERAGES,748.0,0,True
1448769,2015-03-27,1,BEVERAGES,1167.0,1,True
1450551,2015-03-28,1,BEVERAGES,1231.0,0,True
1452333,2015-03-29,1,BEVERAGES,462.0,1,True
1454115,2015-03-30,1,BEVERAGES,760.0,0,True
1455897,2015-03-31,1,BEVERAGES,870.0,1,True
1457679,2015-04-01,1,BEVERAGES,1057.0,1,True
1459461,2015-04-02,1,BEVERAGES,972.0,0,True
1461243,2015-04-03,1,BEVERAGES,358.0,0,True
1463025,2015-04-04,1,BEVERAGES,947.0,2,True
1464807,2015-04-05,1,BEVERAGES,453.0,0,True
1466589,2015-04-06,1,BEVERAGES,1111.0,0,True
1468371,2015-04-07,1,BEVERAGES,1222.0,1,True
1470153,2015-04-08,1,BEVERAGES,1316.0,0,True
1471935,2015-04-09,1,BEVERAGES,1076.0,1,True
1473717,2015-04-10,1,BEVERAGES,1143.0,1,True
1475499,2015-04-11,1,BEVERAGES,1268.0,1,True
1477281,2015-04-12,1,BEVERAGES,429.0,1,True
1479063,2015-04-13,1,BEVERAGES,1043.0,1,True
1480845,2015-04-14,1,BEVERAGES,930.0,1,True
1482627,2015-04-15,1,BEVERAGES,968.0,1,True
1484409,2015-04-16,1,BEVERAGES,912.0,2,True
1486191,2015-04-17,1,BEVERAGES,975.0,1,True
1487973,2015-04-18,1,BEVERAGES,1234.0,2,True
1489755,2015-04-19,1,BEVERAGES,461.0,2,True
1491537,2015-04-20,1,BEVERAGES,970.0,1,True
1493319,2015-04-21,1,BEVERAGES,1114.0,1,True
1495101,2015-04-22,1,BEVERAGES,1134.0,1,True
1496883,2015-04-23,1,BEVERAGES,1066.0,1,True
1498665,2015-04-24,1,BEVERAGES,1195.0,2,True
1500447,2015-04-25,1,BEVERAGES,1249.0,4,True
1502229,2015-04-26,1,BEVERAGES,560.0,3,True
1504011,2015-04-27,1,BEVERAGES,1125.0,2,True
1505793,2015-04-28,1,BEVERAGES,1106.0,2,True
1507575,2015-04-29,1,BEVERAGES,930.0,2,True
1509357,2015-04-30,1,BEVERAGES,1291.0,1,True
1511139,2015-05-01,1,BEVERAGES,363.0,1,True
1512921,2015-05-02,1,BEVERAGES,1245.0,1,True
1514703,2015-05-03,1,BEVERAGES,469.0,1,True
1516485,2015-05-04,1,BEVERAGES,1077.0,2,True
1518267,2015-05-05,1,BEVERAGES,1106.0,2,True
1520049,2015-05-06,1,BEVERAGES,1095.0,3,True
1521831,2015-05-07,1,BEVERAGES,1045.0,2,True
1523613,2015-05-08,1,BEVERAGES,1260.0,1,True
1525395,2015-05-09,1,BEVERAGES,1410.0,3,True
1527177,2015-05-10,1,BEVERAGES,450.0,1,True
1528959,2015-05-11,1,BEVERAGES,1393.0,4,True
1530741,2015-05-12,1,BEVERAGES,1522.0,2,True
1532523,2015-05-13,1,BEVERAGES,1600.0,2,True
1534305,2015-05-14,1,BEVERAGES,1258.0,1,True
1536087,2015-05-15,1,BEVERAGES,1393.0,1,True
1537869,2015-05-16,1,BEVERAGES,1487.0,1,True
1539651,2015-05-17,1,BEVERAGES,567.0,0,True
1541433,2015-05-18,1,BEVERAGES,1310.0,0,True
1543215,2015-05-19,1,BEVERAGES,1421.0,2,True
1544997,2015-05-20,1,BEVERAGES,1518.0,2,True
1546779,2015-05-21,1,BEVERAGES,1278.0,0,True
1548561,2015-05-22,1,BEVERAGES,1484.0,1,True
1550343,2015-05-23,1,BEVERAGES,1385.0,0,True
1552125,2015-05-24,1,BEVERAGES,700.0,2,True
1553907,2015-05-25,1,BEVERAGES,1912.0,0,True
1555689,2015-05-26,1,BEVERAGES,2103.0,2,True
1557471,2015-05-27,1,BEVERAGES,2331.0,6,True
1559253,2015-05-28,1,BEVERAGES,1840.0,2,True
1561035,2015-05-29,1,BEVERAGES,2194.0,1,True
1562817,2015-05-30,1,BEVERAGES,2356.0,0,True
1564599,2015-05-31,1,BEVERAGES,1104.0,2,True
1566381,2015-06-01,1,BEVERAGES,2210.0,0,True
1568163,2015-06-02,1,BEVERAGES,2439.0,1,True
1569945,2015-06-03,1,BEVERAGES,2835.0,2,True
1571727,2015-06-04,1,BEVERAGES,1875.0,0,True
1573509,2015-06-05,1,BEVERAGES,2432.0,2,True
1575291,2015-06-06,1,BEVERAGES,2461.0,7,True
1577073,2015-06-07,1,BEVERAGES,863.0,2,True
1578855,2015-06-08,1,BEVERAGES,2320.0,1,True
1580637,2015-06-09,1,BEVERAGES,1928.0,5,True
1582419,2015-06-10,1,BEVERAGES,1967.0,4,True
1584201,2015-06-11,1,BEVERAGES,1951.0,2,True
1585983,2015-06-12,1,BEVERAGES,1997.0,4,True
1587765,2015-06-13,1,BEVERAGES,2483.0,5,True
1589547,2015-06-14,1,BEVERAGES,1180.0,0,True
1591329,2015-06-15,1,BEVERAGES,2175.0,2,True
1593111,2015-06-16,1,BEVERAGES,2173.0,3,True
1594893,2015-06-17,1,BEVERAGES,2473.0,2,True
1596675,2015-06-18,1,BEVERAGES,1801.0,3,True
1598457,2015-06-19,1,BEVERAGES,2327.0,0,True
1600239,2015-06-20,1,BEVERAGES,2623.0,8,True
1602021,2015-06-21,1,BEVERAGES,854.0,2,True
1603803,2015-06-22,1,BEVERAGES,2345.0,2,True
1605585,2015-06-23,1,BEVERAGES,2145.0,1,True
1607367,2015-06-24,1,BEVERAGES,2226.0,7,True
1609149,2015-06-25,1,BEVERAGES,1850.0,1,True
1610931,2015-06-26,1,BEVERAGES,2187.0,2,True
1612713,2015-06-27,1,BEVERAGES,2327.0,1,True
1614495,2015-06-28,1,BEVERAGES,1178.0,1,True
1616277,2015-06-29,1,BEVERAGES,2243.0,1,True
1618059,2015-06-30,1,BEVERAGES,2177.0,2,True
1619841,2015-07-01,1,BEVERAGES,2638.0,2,True
1621623,2015-07-02,1,BEVERAGES,2259.0,3,True
1623405,2015-07-03,1,BEVERAGES,3064.0,2,True
1625187,2015-07-04,1,BEVERAGES,2160.0,3,True
1626969,2015-07-05,1,BEVERAGES,852.0,3,True
1628751,2015-07-06,1,BEVERAGES,1628.0,2,True
1630533,2015-07-07,1,BEVERAGES,0.0,0,False
1632315,2015-07-08,1,BEVERAGES,2265.0,3,True
1634097,2015-07-09,1,BEVERAGES,2300.0,4,True
1635879,2015-07-10,1,BEVERAGES,2277.0,2,True
1637661,2015-07-11,1,BEVERAGES,2402.0,3,True
1639443,2015-07-12,1,BEVERAGES,827.0,2,True
1641225,2015-07-13,1,BEVERAGES,2105.0,6,True
1643007,2015-07-14,1,BEVERAGES,1911.0,4,True
1644789,2015-07-15,1,BEVERAGES,2270.0,4,True
1646571,2015-07-16,1,BEVERAGES,1950.0,5,True
1648353,2015-07-17,1,BEVERAGES,2445.0,3,True
1650135,2015-07-18,1,BEVERAGES,2019.0,3,True
1651917,2015-07-19,1,BEVERAGES,733.0,0,True
1653699,2015-07-20,1,BEVERAGES,1868.0,9,True
1655481,2015-07-21,1,BEVERAGES,1759.0,8,True
1657263,2015-07-22,1,BEVERAGES,1789.0,7,True
1659045,2015-07-23,1,BEVERAGES,1799.0,6,True
1660827,2015-07-24,1,BEVERAGES,2137.0,7,True
1662609,2015-07-25,1,BEVERAGES,1840.0,10,True
1664391,2015-07-26,1,BEVERAGES,842.0,7,True
1666173,2015-07-27,1,BEVERAGES,2029.0,8,True
1667955,2015-07-28,1,BEVERAGES,2033.0,8,True
1669737,2015-07-29,1,BEVERAGES,2023.0,7,True
1671519,2015-07-30,1,BEVERAGES,1553.0,8,True
1673301,2015-07-31,1,BEVERAGES,2012.0,6,True
1675083,2015-08-01,1,BEVERAGES,2191.0,2,True
1676865,2015-08-02,1,BEVERAGES,835.0,3,True
1678647,2015-08-03,1,BEVERAGES,2137.0,2,True
1680429,2015-08-04,1,BEVERAGES,2198.0,2,True
1682211,2015-08-05,1,BEVERAGES,2344.0,3,True
1683993,2015-08-06,1,BEVERAGES,1781.0,4,True
1685775,2015-08-07,1,BEVERAGES,2070.0,7,True
1687557,2015-08-08,1,BEVERAGES,1651.0,2,True
1689339,2015-08-09,1,BEVERAGES,693.0,3,True
1691121,2015-08-10,1,BEVERAGES,713.0,4,True
1692903,2015-08-11,1,BEVERAGES,2105.0,7,True
1694685,2015-08-12,1,BEVERAGES,2176.0,7,True
1696467,2015-08-13,1,BEVERAGES,1809.0,4,True
1698249,2015-08-14,1,BEVERAGES,3166.0,6,True
1700031,2015-08-15,1,BEVERAGES,2845.0,5,True
1701813,2015-08-16,1,BEVERAGES,813.0,3,True
1703595,2015-08-17,1,BEVERAGES,2194.0,4,True
1705377,2015-08-18,1,BEVERAGES,2111.0,5,True
1707159,2015-08-19,1,BEVERAGES,2001.0,5,True
1708941,2015-08-20,1,BEVERAGES,1852.0,6,True
1710723,2015-08-21,1,BEVERAGES,2047.0,9,True
1712505,2015-08-22,1,BEVERAGES,1935.0,9,True
1714287,2015-08-23,1,BEVERAGES,721.0,5,True
1716069,2015-08-24,1,BEVERAGES,1884.0,7,True
1717851,2015-08-25,1,BEVERAGES,1911.0,6,True
1719633,2015-08-26,1,BEVERAGES,2244.0,8,True
1721415,2015-08-27,1,BEVERAGES,1936.0,8,True
1723197,2015-08-28,1,BEVERAGES,2164.0,7,True
1724979,2015-08-29,1,BEVERAGES,2137.0,9,True
1726761,2015-08-30,1,BEVERAGES,855.0,5,True
1728543,2015-08-31,1,BEVERAGES,2030.0,7,True
1730325,2015-09-01,1,BEVERAGES,2397.0,7,True
1732107,2015-09-02,1,BEVERAGES,2708.0,8,True
1733889,2015-09-03,1,BEVERAGES,2302.0,3,True
1735671,2015-09-04,1,BEVERAGES,2503.0,2,True
1737453,2015-09-05,1,BEVERAGES,2553.0,3,True
1739235,2015-09-06,1,BEVERAGES,902.0,2,True
1741017,2015-09-07,1,BEVERAGES,2205.0,4,True
1742799,2015-09-08,1,BEVERAGES,2093.0,5,True
1744581,2015-09-09,1,BEVERAGES,2687.0,5,True
1746363,2015-09-10,1,BEVERAGES,2008.0,6,True
1748145,2015-09-11,1,BEVERAGES,2509.0,8,True
1749927,2015-09-12,1,BEVERAGES,2476.0,10,True
1751709,2015-09-13,1,BEVERAGES,991.0,4,True
1753491,2015-09-14,1,BEVERAGES,2398.0,6,True
1755273,2015-09-15,1,BEVERAGES,1941.0,7,True
1757055,2015-09-16,1,BEVERAGES,2375.0,5,True
1758837,2015-09-17,1,BEVERAGES,2144.0,7,True
1760619,2015-09-18,1,BEVERAGES,2573.0,10,True
1762401,2015-09-19,1,BEVERAGES,2475.0,5,True
1764183,2015-09-20,1,BEVERAGES,1100.0,11,True
1765965,2015-09-21,1,BEVERAGES,2206.0,6,True
1767747,2015-09-22,1,BEVERAGES,2165.0,10,True
1769529,2015-09-23,1,BEVERAGES,2095.0,7,True
1771311,2015-09-24,1,BEVERAGES,2026.0,7,True
1773093,2015-09-25,1,BEVERAGES,2305.0,9,True
1774875,2015-09-26,1,BEVERAGES,2730.0,8,True
1776657,2015-09-27,1,BEVERAGES,1115.0,7,True
1778439,2015-09-28,1,BEVERAGES,2216.0,7,True
1780221,2015-09-29,1,BEVERAGES,2035.0,5,True
1782003,2015-09-30,1,BEVERAGES,2408.0,11,True
1783785,2015-10-01,1,BEVERAGES,2081.0,0,True
1785567,2015-10-02,1,BEVERAGES,2286.0,1,True
1787349,2015-10-03,1,BEVERAGES,2809.0,5,True
1789131,2015-10-04,1,BEVERAGES,1140.0,1,True
1790913,2015-10-05,1,BEVERAGES,2482.0,4,True
1792695,2015-10-06,1,BEVERAGES,2094.0,3,True
1794477,2015-10-07,1,BEVERAGES,2171.0,3,True
1796259,2015-10-08,1,BEVERAGES,1890.0,6,True
1798041,2015-10-09,1,BEVERAGES,915.0,2,True
1799823,2015-10-10,1,BEVERAGES,1972.0,5,True
1801605,2015-10-11,1,BEVERAGES,819.0,8,True
1803387,2015-10-12,1,BEVERAGES,2151.0,5,True
1805169,2015-10-13,1,BEVERAGES,1818.0,2,True
1806951,2015-10-14,1,BEVERAGES,2093.0,6,True
1808733,2015-10-15,1,BEVERAGES,1754.0,8,True
1810515,2015-10-16,1,BEVERAGES,2410.0,7,True
1812297,2015-10-17,1,BEVERAGES,2478.0,7,True
1814079,2015-10-18,1,BEVERAGES,1307.0,5,True
1815861,2015-10-19,1,BEVERAGES,2189.0,6,True
1817643,2015-10-20,1,BEVERAGES,1970.0,2,True
1819425,2015-10-21,1,BEVERAGES,1862.0,5,True
1821207,2015-10-22,1,BEVERAGES,1851.0,3,True
1822989,2015-10-23,1,BEVERAGES,2262.0,1,True
1824771,2015-10-24,1,BEVERAGES,2290.0,2,True
1826553,2015-10-25,1,BEVERAGES,1015.0,3,True
1828335,2015-10-26,1,BEVERAGES,2080.0,2,True
1830117,2015-10-27,1,BEVERAGES,1872.0,0,True
1831899,2015-10-28,1,BEVERAGES,1940.0,2,True
1833681,2015-10-29,1,BEVERAGES,1766.0,7,True
1835463,2015-10-30,1,BEVERAGES,2162.0,15,True
1837245,2015-10-31,1,BEVERAGES,1918.0,13,True
1839027,2015-11-01,1,BEVERAGES,605.0,9,True
1840809,2015-11-02,1,BEVERAGES,559.0,8,True
1842591,2015-11-03,1,BEVERAGES,887.0,10,True
1844373,2015-11-04,1,BEVERAGES,2592.0,21,True
1846155,2015-11-05,1,BEVERAGES,1855.0,14,True
1847937,2015-11-06,1,BEVERAGES,2093.0,21,True
1849719,2015-11-07,1,BEVERAGES,2149.0,12,True
1851501,2015-11-08,1,BEVERAGES,1164.0,12,True
1853283,2015-11-09,1,BEVERAGES,2024.0,16,True
1855065,2015-11-10,1,BEVERAGES,1857.0,17,True
1856847,2015-11-11,1,BEVERAGES,2369.0,15,True
1858629,2015-11-12,1,BEVERAGES,1822.0,16,True
1860411,2015-11-13,1,BEVERAGES,2147.0,18,True
1862193,2015-11-14,1,BEVERAGES,2211.0,21,True
1863975,2015-11-15,1,BEVERAGES,1071.0,14,True
1865757,2015-11-16,1,BEVERAGES,2092.0,18,True
1867539,2015-11-17,1,BEVERAGES,1927.0,18,True
1869321,2015-11-18,1,BEVERAGES,2072.0,23,True
1871103,2015-11-19,1,BEVERAGES,2039.0,15,True
1872885,2015-11-20,1,BEVERAGES,2192.0,18,True
1874667,2015-11-21,1,BEVERAGES,2154.0,26,True
1876449,2015-11-22,1,BEVERAGES,1077.0,7,True
1878231,2015-11-23,1,BEVERAGES,2106.0,14,True
1880013,2015-11-24,1,BEVERAGES,2066.0,16,True
1881795,2015-11-25,1,BEVERAGES,2142.0,21,True
1883577,2015-11-26,1,BEVERAGES,1920.0,11,True
1885359,2015-11-27,1,BEVERAGES,2099.0,15,True
1887141,2015-11-28,1,BEVERAGES,2107.0,10,True
1888923,2015-11-29,1,BEVERAGES,1070.0,12,True
1890705,2015-11-30,1,BEVERAGES,2342.0,13,True
1892487,2015-12-01,1,BEVERAGES,2462.0,20,True
1894269,2015-12-02,1,BEVERAGES,2520.0,19,True
1896051,2015-12-03,1,BEVERAGES,2186.0,12,True
1897833,2015-12-04,1,BEVERAGES,2441.0,12,True
1899615,2015-12-05,1,BEVERAGES,2306.0,10,True
1901397,2015-12-06,1,BEVERAGES,1116.0,13,True
1903179,2015-12-07,1,BEVERAGES,2385.0,16,True
1904961,2015-12-08,1,BEVERAGES,2189.0,17,True
1906743,2015-12-09,1,BEVERAGES,2389.0,14,True
1908525,2015-12-10,1,BEVERAGES,2259.0,15,True
1910307,2015-12-11,1,BEVERAGES,2236.0,21,True
1912089,2015-12-12,1,BEVERAGES,2235.0,17,True
1913871,2015-12-13,1,BEVERAGES,1143.0,7,True
1915653,2015-12-14,1,BEVERAGES,2291.0,11,True
1917435,2015-12-15,1,BEVERAGES,1881.0,17,True
1919217,2015-12-16,1,BEVERAGES,2482.0,18,True
1920999,2015-12-17,1,BEVERAGES,1958.0,15,True
1922781,2015-12-18,1,BEVERAGES,2282.0,18,True
1924563,2015-12-19,1,BEVERAGES,2545.0,19,True
1926345,2015-12-20,1,BEVERAGES,1276.0,13,True
1928127,2015-12-21,1,BEVERAGES,2518.0,15,True
1929909,2015-12-22,1,BEVERAGES,2344.0,18,True
1931691,2015-12-23,1,BEVERAGES,2631.0,20,True
1933473,2015-12-24,1,BEVERAGES,2221.0,15,True
1935255,2015-12-26,1,BEVERAGES,1696.0,17,True
1937037,2015-12-27,1,BEVERAGES,693.0,5,True
1938819,2015-12-28,1,BEVERAGES,1842.0,14,True
1940601,2015-12-29,1,BEVERAGES,1868.0,10,True
1942383,2015-12-30,1,BEVERAGES,2659.0,17,True
1944165,2015-12-31,1,BEVERAGES,2179.0,17,True
1945947,2016-01-01,1,BEVERAGES,0.0,0,False
1947729,2016-01-02,1,BEVERAGES,1856.0,7,False
1949511,2016-01-03,1,BEVERAGES,1048.0,1,False
1951293,2016-01-04,1,BEVERAGES,3005.0,3,True
1953075,2016-01-05,1,BEVERAGES,2374.0,9,True
1954857,2016-01-06,1,BEVERAGES,2799.0,5,True
1956639,2016-01-07,1,BEVERAGES,2248.0,0,True
1958421,2016-01-08,1,BEVERAGES,2208.0,1,True
1960203,2016-01-09,1,BEVERAGES,2360.0,0,True
1961985,2016-01-10,1,BEVERAGES,991.0,4,True
1963767,2016-01-11,1,BEVERAGES,2001.0,1,True
1965549,2016-01-12,1,BEVERAGES,2339.0,4,True
1967331,2016-01-13,1,BEVERAGES,2141.0,4,True
1969113,2016-01-14,1,BEVERAGES,2422.0,4,True
1970895,2016-01-15,1,BEVERAGES,2100.0,2,True
1972677,2016-01-16,1,BEVERAGES,2457.0,3,True
1974459,2016-01-17,1,BEVERAGES,1173.0,3,True
1976241,2016-01-18,1,BEVERAGES,2399.0,1,True
1978023,2016-01-19,1,BEVERAGES,1997.0,3,True
1979805,2016-01-20,1,BEVERAGES,2376.0,5,True
1981587,2016-01-21,1,BEVERAGES,1771.0,0,True
1983369,2016-01-22,1,BEVERAGES,2071.0,0,True
1985151,2016-01-23,1,BEVERAGES,2209.0,0,True
1986933,2016-01-24,1,BEVERAGES,956.0,0,True
1988715,2016-01-25,1,BEVERAGES,2047.0,0,True
1990497,2016-01-26,1,BEVERAGES,1882.0,2,True
1992279,2016-01-27,1,BEVERAGES,2131.0,2,True
1994061,2016-01-28,1,BEVERAGES,1751.0,23,True
1995843,2016-01-29,1,BEVERAGES,2391.0,24,True
1997625,2016-01-30,1,BEVERAGES,2340.0,25,True
1999407,2016-01-31,1,BEVERAGES,1023.0,17,True
2001189,2016-02-01,1,BEVERAGES,2450.0,25,True
2002971,2016-02-02,1,BEVERAGES,1965.0,30,True
2004753,2016-02-03,1,BEVERAGES,2769.0,30,True
2006535,2016-02-04,1,BEVERAGES,2083.0,29,True
2008317,2016-02-05,1,BEVERAGES,2028.0,31,True
2010099,2016-02-06,1,BEVERAGES,2012.0,34,True
2011881,2016-02-07,1,BEVERAGES,639.0,17,True
2013663,2016-02-08,1,BEVERAGES,531.0,17,True
2015445,2016-02-09,1,BEVERAGES,742.0,20,True
2017227,2016-02-10,1,BEVERAGES,2247.0,30,True
2019009,2016-02-11,1,BEVERAGES,2085.0,31,True
2020791,2016-02-12,1,BEVERAGES,2522.0,28,True
2022573,2016-02-13,1,BEVERAGES,2281.0,28,True
2024355,2016-02-14,1,BEVERAGES,974.0,22,True
2026137,2016-02-15,1,BEVERAGES,2239.0,27,True
2027919,2016-02-16,1,BEVERAGES,2539.0,7,True
2029701,2016-02-17,1,BEVERAGES,2313.0,7,True
2031483,2016-02-18,1,BEVERAGES,2012.0,5,True
2033265,2016-02-19,1,BEVERAGES,2371.0,6,True
2035047,2016-02-20,1,BEVERAGES,2760.0,8,True
2036829,2016-02-21,1,BEVERAGES,1211.0,5,True
2038611,2016-02-22,1,BEVERAGES,2353.0,7,True
2040393,2016-02-23,1,BEVERAGES,2115.0,5,True
2042175,2016-02-24,1,BEVERAGES,2097.0,7,True
2043957,2016-02-25,1,BEVERAGES,1854.0,7,True
2045739,2016-02-26,1,BEVERAGES,2171.0,51,True
2047521,2016-02-27,1,BEVERAGES,2471.0,56,True
2049303,2016-02-28,1,BEVERAGES,904.0,44,True
2051085,2016-02-29,1,BEVERAGES,2282.0,19,True
2052867,2016-03-01,1,BEVERAGES,2371.0,15,True
2054649,2016-03-02,1,BEVERAGES,2432.0,15,True
2056431,2016-03-03,1,BEVERAGES,2013.0,16,True
2058213,2016-03-04,1,BEVERAGES,2342.0,16,True
2059995,2016-03-05,1,BEVERAGES,2562.0,17,True
2061777,2016-03-06,1,BEVERAGES,1048.0,11,True
2063559,2016-03-07,1,BEVERAGES,2165.0,11,True
2065341,2016-03-08,1,BEVERAGES,2027.0,0,True
2067123,2016-03-09,1,BEVERAGES,2224.0,10,True
2068905,2016-03-10,1,BEVERAGES,1897.0,9,True
2070687,2016-03-11,1,BEVERAGES,2208.0,13,True
2072469,2016-03-12,1,BEVERAGES,2362.0,11,True
2074251,2016-03-13,1,BEVERAGES,970.0,7,True
2076033,2016-03-14,1,BEVERAGES,2238.0,13,True
2077815,2016-03-15,1,BEVERAGES,2049.0,16,True
2079597,2016-03-16,1,BEVERAGES,2329.0,10,True
2081379,2016-03-17,1,BEVERAGES,2101.0,10,True
2083161,2016-03-18,1,BEVERAGES,2224.0,8,True
2084943,2016-03-19,1,BEVERAGES,2302.0,7,True
2086725,2016-03-20,1,BEVERAGES,1067.0,3,True
2088507,2016-03-21,1,BEVERAGES,2149.0,3,True
2090289,2016-03-22,1,BEVERAGES,1991.0,6,True
2092071,2016-03-23,1,BEVERAGES,2208.0,6,True
2093853,2016-03-24,1,BEVERAGES,2653.0,7,True
2095635,2016-03-25,1,BEVERAGES,899.0,4,True
2097417,2016-03-26,1,BEVERAGES,1723.0,8,True
2099199,2016-03-27,1,BEVERAGES,862.0,1,True
2100981,2016-03-28,1,BEVERAGES,1986.0,6,True
2102763,2016-03-29,1,BEVERAGES,2223.0,5,True
2104545,2016-03-30,1,BEVERAGES,2163.0,6,True
2106327,2016-03-31,1,BEVERAGES,2051.0,6,True
2108109,2016-04-01,1,BEVERAGES,2274.0,8,True
2109891,2016-04-02,1,BEVERAGES,2317.0,2,True
2111673,2016-04-03,1,BEVERAGES,1112.0,2,True
2113455,2016-04-04,1,BEVERAGES,2067.0,4,True
2115237,2016-04-05,1,BEVERAGES,1897.0,5,True
2117019,2016-04-06,1,BEVERAGES,2196.0,6,True
2118801,2016-04-07,1,BEVERAGES,2041.0,31,True
2120583,2016-04-08,1,BEVERAGES,2262.0,41,True
2122365,2016-04-09,1,BEVERAGES,2227.0,42,True
2124147,2016-04-10,1,BEVERAGES,1059.0,30,True
2125929,2016-04-11,1,BEVERAGES,2177.0,38,True
2127711,2016-04-12,1,BEVERAGES,1745.0,35,True
2129493,2016-04-13,1,BEVERAGES,2342.0,47,True
2131275,2016-04-14,1,BEVERAGES,1835.0,5,True
2133057,2016-04-15,1,BEVERAGES,2009.0,2,True
2134839,2016-04-16,1,BEVERAGES,2073.0,5,True
2136621,2016-04-17,1,BEVERAGES,1717.0,3,True
2138403,2016-04-18,1,BEVERAGES,4155.0,1,True
2140185,2016-04-19,1,BEVERAGES,5051.0,5,True
2141967,2016-04-20,1,BEVERAGES,4239.0,19,True
2143749,2016-04-21,1,BEVERAGES,2872.0,18,True
2145531,2016-04-22,1,BEVERAGES,2940.0,19,True
2147313,2016-04-23,1,BEVERAGES,2283.0,15,True
2149095,2016-04-24,1,BEVERAGES,1279.0,23,True
2150877,2016-04-25,1,BEVERAGES,1928.0,18,True
2152659,2016-04-26,1,BEVERAGES,2016.0,13,True
2154441,2016-04-27,1,BEVERAGES,2347.0,19,True
2156223,2016-04-28,1,BEVERAGES,2074.0,19,True
2158005,2016-04-29,1,BEVERAGES,2322.0,24,True
2159787,2016-04-30,1,BEVERAGES,2556.0,25,True
2161569,2016-05-01,1,BEVERAGES,1148.0,17,True
2163351,2016-05-02,1,BEVERAGES,2321.0,10,True
2165133,2016-05-03,1,BEVERAGES,1908.0,6,True
2166915,2016-05-04,1,BEVERAGES,2281.0,17,True
2168697,2016-05-05,1,BEVERAGES,2076.0,14,True
2170479,2016-05-06,1,BEVERAGES,2642.0,7,True
2172261,2016-05-07,1,BEVERAGES,2686.0,5,True
2174043,2016-05-08,1,BEVERAGES,856.0,6,True
2175825,2016-05-09,1,BEVERAGES,2135.0,9,True
2177607,2016-05-10,1,BEVERAGES,1747.0,7,True
2179389,2016-05-11,1,BEVERAGES,2101.0,15,True
2181171,2016-05-12,1,BEVERAGES,1792.0,10,True
2182953,2016-05-13,1,BEVERAGES,2185.0,11,True
2184735,2016-05-14,1,BEVERAGES,2145.0,11,True
2186517,2016-05-15,1,BEVERAGES,1103.0,6,True
2188299,2016-05-16,1,BEVERAGES,2342.0,17,True
2190081,2016-05-17,1,BEVERAGES,2116.0,9,True
2191863,2016-05-18,1,BEVERAGES,2128.0,11,True
2193645,2016-05-19,1,BEVERAGES,1839.0,8,True
2195427,2016-05-20,1,BEVERAGES,2212.0,15,True
2197209,2016-05-21,1,BEVERAGES,2202.0,9,True
2198991,2016-05-22,1,BEVERAGES,852.0,5,True
2200773,2016-05-23,1,BEVERAGES,1870.0,8,True
2202555,2016-05-24,1,BEVERAGES,1705.0,9,True
2204337,2016-05-25,1,BEVERAGES,2036.0,9,True
2206119,2016-05-26,1,BEVERAGES,2043.0,37,True
2207901,2016-05-27,1,BEVERAGES,1106.0,24,True
2209683,2016-05-28,1,BEVERAGES,1691.0,32,True
2211465,2016-05-29,1,BEVERAGES,868.0,25,True
2213247,2016-05-30,1,BEVERAGES,1992.0,33,True
2215029,2016-05-31,1,BEVERAGES,2183.0,39,True
2216811,2016-06-01,1,BEVERAGES,2199.0,37,True
2218593,2016-06-02,1,BEVERAGES,1588.0,35,True
2220375,2016-06-03,1,BEVERAGES,2143.0,31,True
2222157,2016-06-04,1,BEVERAGES,2194.0,39,True
2223939,2016-06-05,1,BEVERAGES,1038.0,25,True
2225721,2016-06-06,1,BEVERAGES,2098.0,36,True
2227503,2016-06-07,1,BEVERAGES,1762.0,26,True
2229285,2016-06-08,1,BEVERAGES,1994.0,38,True
2231067,2016-06-09,1,BEVERAGES,1431.0,25,True
2232849,2016-06-10,1,BEVERAGES,2221.0,26,True
2234631,2016-06-11,1,BEVERAGES,2349.0,28,True
2236413,2016-06-12,1,BEVERAGES,973.0,22,True
2238195,2016-06-13,1,BEVERAGES,2311.0,33,True
2239977,2016-06-14,1,BEVERAGES,1708.0,21,True
2241759,2016-06-15,1,BEVERAGES,2052.0,27,True
2243541,2016-06-16,1,BEVERAGES,1705.0,23,True
2245323,2016-06-17,1,BEVERAGES,2209.0,26,True
2247105,2016-06-18,1,BEVERAGES,2104.0,27,True
2248887,2016-06-19,1,BEVERAGES,989.0,21,True
2250669,2016-06-20,1,BEVERAGES,2232.0,34,True
2252451,2016-06-21,1,BEVERAGES,1840.0,35,True
2254233,2016-06-22,1,BEVERAGES,2363.0,32,True
2256015,2016-06-23,1,BEVERAGES,1729.0,6,True
2257797,2016-06-24,1,BEVERAGES,1862.0,6,True
2259579,2016-06-25,1,BEVERAGES,2060.0,6,True
2261361,2016-06-26,1,BEVERAGES,1103.0,5,True
2263143,2016-06-27,1,BEVERAGES,2377.0,6,True
2264925,2016-06-28,1,BEVERAGES,2353.0,5,True
2266707,2016-06-29,1,BEVERAGES,2009.0,5,True
2268489,2016-06-30,1,BEVERAGES,1631.0,8,True
2270271,2016-07-01,1,BEVERAGES,2298.0,8,True
2272053,2016-07-02,1,BEVERAGES,2127.0,4,True
2273835,2016-07-03,1,BEVERAGES,973.0,7,True
2275617,2016-07-04,1,BEVERAGES,2033.0,8,True
2277399,2016-07-05,1,BEVERAGES,1941.0,13,True
2279181,2016-07-06,1,BEVERAGES,2400.0,29,True
2280963,2016-07-07,1,BEVERAGES,1697.0,15,True
2282745,2016-07-08,1,BEVERAGES,2322.0,13,True
2284527,2016-07-09,1,BEVERAGES,2089.0,16,True
2286309,2016-07-10,1,BEVERAGES,787.0,11,True
2288091,2016-07-11,1,BEVERAGES,2048.0,13,True
2289873,2016-07-12,1,BEVERAGES,1769.0,14,True
2291655,2016-07-13,1,BEVERAGES,2332.0,8,True
2293437,2016-07-14,1,BEVERAGES,1867.0,6,True
2295219,2016-07-15,1,BEVERAGES,2162.0,8,True
2297001,2016-07-16,1,BEVERAGES,2301.0,7,True
2298783,2016-07-17,1,BEVERAGES,982.0,5,True
2300565,2016-07-18,1,BEVERAGES,2066.0,9,True
2302347,2016-07-19,1,BEVERAGES,1875.0,6,True
2304129,2016-07-20,1,BEVERAGES,2086.0,9,True
2305911,2016-07-21,1,BEVERAGES,1763.0,6,True
2307693,2016-07-22,1,BEVERAGES,2250.0,12,True
2309475,2016-07-23,1,BEVERAGES,2025.0,6,True
2311257,2016-07-24,1,BEVERAGES,815.0,4,True
2313039,2016-07-25,1,BEVERAGES,1929.0,6,True
2314821,2016-07-26,1,BEVERAGES,1898.0,5,True
2316603,2016-07-27,1,BEVERAGES,2166.0,0,True
2318385,2016-07-28,1,BEVERAGES,1742.0,9,True
2320167,2016-07-29,1,BEVERAGES,1671.0,6,True
2321949,2016-07-30,1,BEVERAGES,2286.0,9,True
2323731,2016-07-31,1,BEVERAGES,858.0,4,True
2325513,2016-08-01,1,BEVERAGES,2418.0,10,True
2327295,2016-08-02,1,BEVERAGES,1859.0,12,True
2329077,2016-08-03,1,BEVERAGES,2411.0,16,True
2330859,2016-08-04,1,BEVERAGES,1741.0,24,True
2332641,2016-08-05,1,BEVERAGES,2349.0,33,True
2334423,2016-08-06,1,BEVERAGES,2206.0,24,True
2336205,2016-08-07,1,BEVERAGES,873.0,20,True
2337987,2016-08-08,1,BEVERAGES,2168.0,28,True
2339769,2016-08-09,1,BEVERAGES,2102.0,37,True
2341551,2016-08-10,1,BEVERAGES,2135.0,25,True
2343333,2016-08-11,1,BEVERAGES,2017.0,22,True
2345115,2016-08-12,1,BEVERAGES,1038.0,24,True
2346897,2016-08-13,1,BEVERAGES,1613.0,29,True
2348679,2016-08-14,1,BEVERAGES,743.0,14,True
2350461,2016-08-15,1,BEVERAGES,2420.0,37,True
2352243,2016-08-16,1,BEVERAGES,2010.0,23,True
2354025,2016-08-17,1,BEVERAGES,2346.0,34,True
2355807,2016-08-18,1,BEVERAGES,1907.0,24,True
2357589,2016-08-19,1,BEVERAGES,2218.0,26,True
2359371,2016-08-20,1,BEVERAGES,2103.0,30,True
2361153,2016-08-21,1,BEVERAGES,893.0,22,True
2362935,2016-08-22,1,BEVERAGES,2176.0,31,True
2364717,2016-08-23,1,BEVERAGES,2123.0,37,True
2366499,2016-08-24,1,BEVERAGES,2151.0,27,True
2368281,2016-08-25,1,BEVERAGES,1820.0,12,True
2370063,2016-08-26,1,BEVERAGES,2030.0,17,True
2371845,2016-08-27,1,BEVERAGES,2112.0,14,True
2373627,2016-08-28,1,BEVERAGES,944.0,10,True
2375409,2016-08-29,1,BEVERAGES,1925.0,14,True
2377191,2016-08-30,1,BEVERAGES,1990.0,15,True
2378973,2016-08-31,1,BEVERAGES,2169.0,17,True
2380755,2016-09-01,1,BEVERAGES,2224.0,12,True
2382537,2016-09-02,1,BEVERAGES,2418.0,11,True
2384319,2016-09-03,1,BEVERAGES,2167.0,11,True
2386101,2016-09-04,1,BEVERAGES,921.0,7,True
2387883,2016-09-05,1,BEVERAGES,2240.0,13,True
2389665,2016-09-06,1,BEVERAGES,2391.0,13,True
2391447,2016-09-07,1,BEVERAGES,2060.0,10,True
2393229,2016-09-08,1,BEVERAGES,1946.0,8,True
2395011,2016-09-09,1,BEVERAGES,2451.0,14,True
2396793,2016-09-10,1,BEVERAGES,2251.0,8,True
2398575,2016-09-11,1,BEVERAGES,864.0,2,True
2400357,2016-09-12,1,BEVERAGES,2453.0,10,True
2402139,2016-09-13,1,BEVERAGES,1942.0,0,True
2403921,2016-09-14,1,BEVERAGES,1992.0,6,True
2405703,2016-09-15,1,BEVERAGES,1766.0,44,True
2407485,2016-09-16,1,BEVERAGES,2414.0,46,True
2409267,2016-09-17,1,BEVERAGES,2521.0,54,True
2411049,2016-09-18,1,BEVERAGES,1177.0,40,True
2412831,2016-09-19,1,BEVERAGES,2342.0,48,True
2414613,2016-09-20,1,BEVERAGES,2194.0,54,True
2416395,2016-09-21,1,BEVERAGES,2159.0,57,True
2418177,2016-09-22,1,BEVERAGES,1883.0,50,True
2419959,2016-09-23,1,BEVERAGES,2269.0,53,True
2421741,2016-09-24,1,BEVERAGES,2340.0,58,True
2423523,2016-09-25,1,BEVERAGES,1121.0,42,True
2425305,2016-09-26,1,BEVERAGES,1957.0,56,True
2427087,2016-09-27,1,BEVERAGES,2009.0,55,True
2428869,2016-09-28,1,BEVERAGES,2379.0,51,True
2430651,2016-09-29,1,BEVERAGES,1805.0,53,True
2432433,2016-09-30,1,BEVERAGES,2028.0,54,True
2434215,2016-10-01,1,BEVERAGES,2799.0,55,True
2435997,2016-10-02,1,BEVERAGES,1277.0,43,True
2437779,2016-10-03,1,BEVERAGES,2762.0,55,True
2439561,2016-10-04,1,BEVERAGES,2624.0,51,True
2441343,2016-10-05,1,BEVERAGES,2573.0,54,True
2443125,2016-10-06,1,BEVERAGES,2342.0,4,True
2444907,2016-10-07,1,BEVERAGES,2081.0,6,True
2446689,2016-10-08,1,BEVERAGES,2279.0,6,True
2448471,2016-10-09,1,BEVERAGES,1221.0,3,True
2450253,2016-10-10,1,BEVERAGES,2206.0,5,True
2452035,2016-10-11,1,BEVERAGES,1812.0,7,True
2453817,2016-10-12,1,BEVERAGES,2584.0,8,True
2455599,2016-10-13,1,BEVERAGES,1664.0,5,True
2457381,2016-10-14,1,BEVERAGES,2647.0,11,True
2459163,2016-10-15,1,BEVERAGES,2212.0,9,True
2460945,2016-10-16,1,BEVERAGES,1454.0,5,True
2462727,2016-10-17,1,BEVERAGES,2490.0,7,True
2464509,2016-10-18,1,BEVERAGES,1895.0,9,True
2466291,2016-10-19,1,BEVERAGES,2563.0,8,True
2468073,2016-10-20,1,BEVERAGES,2176.0,8,True
2469855,2016-10-21,1,BEVERAGES,2469.0,14,True
2471637,2016-10-22,1,BEVERAGES,2570.0,17,True
2473419,2016-10-23,1,BEVERAGES,1106.0,10,True
2475201,2016-10-24,1,BEVERAGES,1783.0,15,True
2476983,2016-10-25,1,BEVERAGES,2090.0,15,True
2478765,2016-10-26,1,BEVERAGES,2032.0,47,True
2480547,2016-10-27,1,BEVERAGES,2143.0,42,True
2482329,2016-10-28,1,BEVERAGES,2576.0,38,True
2484111,2016-10-29,1,BEVERAGES,2574.0,45,True
2485893,2016-10-30,1,BEVERAGES,1059.0,36,True
2487675,2016-10-31,1,BEVERAGES,1777.0,45,True
2489457,2016-11-01,1,BEVERAGES,3009.0,45,True
2491239,2016-11-02,1,BEVERAGES,873.0,43,True
2493021,2016-11-03,1,BEVERAGES,739.0,36,True
2494803,2016-11-04,1,BEVERAGES,1637.0,52,True
2496585,2016-11-05,1,BEVERAGES,1839.0,42,True
2498367,2016-11-06,1,BEVERAGES,1054.0,43,True
2500149,2016-11-07,1,BEVERAGES,2538.0,42,True
2501931,2016-11-08,1,BEVERAGES,2542.0,46,True
2503713,2016-11-09,1,BEVERAGES,3557.0,48,True
2505495,2016-11-10,1,BEVERAGES,2251.0,50,True
2507277,2016-11-11,1,BEVERAGES,2351.0,43,True
2509059,2016-11-12,1,BEVERAGES,2626.0,41,True
2510841,2016-11-13,1,BEVERAGES,1221.0,34,True
2512623,2016-11-14,1,BEVERAGES,2354.0,42,True
2514405,2016-11-15,1,BEVERAGES,2231.0,40,True
2516187,2016-11-16,1,BEVERAGES,2818.0,55,True
2517969,2016-11-17,1,BEVERAGES,2293.0,49,True
2519751,2016-11-18,1,BEVERAGES,2229.0,45,True
2521533,2016-11-19,1,BEVERAGES,2723.0,50,True
2523315,2016-11-20,1,BEVERAGES,1293.0,40,True
2525097,2016-11-21,1,BEVERAGES,2489.0,56,True
2526879,2016-11-22,1,BEVERAGES,2074.0,52,True
2528661,2016-11-23,1,BEVERAGES,2385.0,63,True
2530443,2016-11-24,1,BEVERAGES,2126.0,65,True
2532225,2016-11-25,1,BEVERAGES,2665.0,64,True
2534007,2016-11-26,1,BEVERAGES,2669.0,57,True
2535789,2016-11-27,1,BEVERAGES,1044.0,51,True
2537571,2016-11-28,1,BEVERAGES,2655.0,64,True
2539353,2016-11-29,1,BEVERAGES,2239.0,49,True
2541135,2016-11-30,1,BEVERAGES,3301.0,68,True
2542917,2016-12-01,1,BEVERAGES,2647.0,63,True
2544699,2016-12-02,1,BEVERAGES,3314.0,65,True
2546481,2016-12-03,1,BEVERAGES,2594.0,65,True
2548263,2016-12-04,1,BEVERAGES,1316.0,51,True
2550045,2016-12-05,1,BEVERAGES,2496.0,61,True
2551827,2016-12-06,1,BEVERAGES,1037.0,51,True
2553609,2016-12-07,1,BEVERAGES,3078.0,84,True
2555391,2016-12-08,1,BEVERAGES,2378.0,55,True
2557173,2016-12-09,1,BEVERAGES,2741.0,58,True
2558955,2016-12-10,1,BEVERAGES,2677.0,60,True
2560737,2016-12-11,1,BEVERAGES,1181.0,47,True
2562519,2016-12-12,1,BEVERAGES,2701.0,61,True
2564301,2016-12-13,1,BEVERAGES,3153.0,53,True
2566083,2016-12-14,1,BEVERAGES,2422.0,60,True
2567865,2016-12-15,1,BEVERAGES,2320.0,60,True
2569647,2016-12-16,1,BEVERAGES,2312.0,62,True
2571429,2016-12-17,1,BEVERAGES,2717.0,57,True
2573211,2016-12-18,1,BEVERAGES,1651.0,52,True
2574993,2016-12-19,1,BEVERAGES,3278.0,61,True
2576775,2016-12-20,1,BEVERAGES,2768.0,68,True
2578557,2016-12-21,1,BEVERAGES,3146.0,61,True
2580339,2016-12-22,1,BEVERAGES,2574.0,63,True
2582121,2016-12-23,1,BEVERAGES,2996.0,57,True
2583903,2016-12-24,1,BEVERAGES,2576.0,56,True
2585685,2016-12-26,1,BEVERAGES,696.0,39,True
2587467,2016-12-27,1,BEVERAGES,2379.0,56,True
2589249,2016-12-28,1,BEVERAGES,2284.0,58,True
2591031,2016-12-29,1,BEVERAGES,2054.0,51,True
2592813,2016-12-30,1,BEVERAGES,2581.0,49,True
2594595,2016-12-31,1,BEVERAGES,2318.0,53,True
2596377,2017-01-01,1,BEVERAGES,0.0,0,False
2598159,2017-01-02,1,BEVERAGES,1434.0,31,True
2599941,2017-01-03,1,BEVERAGES,3081.0,42,True
2601723,2017-01-04,1,BEVERAGES,3039.0,54,True
2603505,2017-01-05,1,BEVERAGES,2617.0,32,True
2605287,2017-01-06,1,BEVERAGES,2761.0,39,True
2607069,2017-01-07,1,BEVERAGES,2503.0,30,True
2608851,2017-01-08,1,BEVERAGES,1356.0,32,True
2610633,2017-01-09,1,BEVERAGES,4100.0,34,True
2612415,2017-01-10,1,BEVERAGES,2370.0,35,True
2614197,2017-01-11,1,BEVERAGES,2607.0,35,True
2615979,2017-01-12,1,BEVERAGES,2430.0,31,True
2617761,2017-01-13,1,BEVERAGES,2784.0,43,True
2619543,2017-01-14,1,BEVERAGES,2978.0,41,True
2621325,2017-01-15,1,BEVERAGES,1342.0,36,True
2623107,2017-01-16,1,BEVERAGES,2609.0,41,True
2624889,2017-01-17,1,BEVERAGES,2762.0,41,True
2626671,2017-01-18,1,BEVERAGES,2746.0,41,True
2628453,2017-01-19,1,BEVERAGES,2399.0,40,True
2630235,2017-01-20,1,BEVERAGES,1924.0,39,True
2632017,2017-01-21,1,BEVERAGES,2963.0,40,True
2633799,2017-01-22,1,BEVERAGES,1083.0,32,True
2635581,2017-01-23,1,BEVERAGES,3075.0,39,True
2637363,2017-01-24,1,BEVERAGES,2499.0,40,True
2639145,2017-01-25,1,BEVERAGES,2498.0,44,True
2640927,2017-01-26,1,BEVERAGES,1829.0,26,True
2642709,2017-01-27,1,BEVERAGES,2301.0,32,True
2644491,2017-01-28,1,BEVERAGES,2662.0,30,True
2646273,2017-01-29,1,BEVERAGES,1059.0,16,True
2648055,2017-01-30,1,BEVERAGES,1986.0,30,True
2649837,2017-01-31,1,BEVERAGES,1965.0,26,True
2651619,2017-02-01,1,BEVERAGES,2399.0,28,True
2653401,2017-02-02,1,BEVERAGES,2257.0,18,True
2655183,2017-02-03,1,BEVERAGES,2236.0,20,True
2656965,2017-02-04,1,BEVERAGES,2737.0,24,True
2658747,2017-02-05,1,BEVERAGES,1063.0,20,True
2660529,2017-02-06,1,BEVERAGES,2238.0,19,True
2662311,2017-02-07,1,BEVERAGES,2169.0,23,True
2664093,2017-02-08,1,BEVERAGES,2523.0,32,True
2665875,2017-02-09,1,BEVERAGES,2112.0,12,True
2667657,2017-02-10,1,BEVERAGES,2466.0,11,True
2669439,2017-02-11,1,BEVERAGES,2596.0,11,True
2671221,2017-02-12,1,BEVERAGES,1147.0,11,True
2673003,2017-02-13,1,BEVERAGES,2449.0,16,True
2674785,2017-02-14,1,BEVERAGES,2105.0,13,True
2676567,2017-02-15,1,BEVERAGES,2141.0,17,True
2678349,2017-02-16,1,BEVERAGES,1866.0,13,True
2680131,2017-02-17,1,BEVERAGES,2286.0,16,True
2681913,2017-02-18,1,BEVERAGES,2906.0,16,True
2683695,2017-02-19,1,BEVERAGES,1019.0,16,True
2685477,2017-02-20,1,BEVERAGES,2248.0,17,True
2687259,2017-02-21,1,BEVERAGES,2419.0,19,True
2689041,2017-02-22,1,BEVERAGES,2075.0,17,True
2690823,2017-02-23,1,BEVERAGES,1923.0,13,True
2692605,2017-02-24,1,BEVERAGES,2508.0,14,True
2694387,2017-02-25,1,BEVERAGES,2198.0,15,True
2696169,2017-02-26,1,BEVERAGES,690.0,9,True
2697951,2017-02-27,1,BEVERAGES,669.0,11,True
2699733,2017-02-28,1,BEVERAGES,1059.0,11,True
2701515,2017-03-01,1,BEVERAGES,3343.0,25,True
2703297,2017-03-02,1,BEVERAGES,2519.0,20,True
2705079,2017-03-03,1,BEVERAGES,2536.0,13,True
2706861,2017-03-04,1,BEVERAGES,2577.0,18,True
2708643,2017-03-05,1,BEVERAGES,1039.0,12,True
2710425,2017-03-06,1,BEVERAGES,1898.0,14,True
2712207,2017-03-07,1,BEVERAGES,2625.0,9,True
2713989,2017-03-08,1,BEVERAGES,2266.0,12,True
2715771,2017-03-09,1,BEVERAGES,2084.0,25,True
2717553,2017-03-10,1,BEVERAGES,2418.0,29,True
2719335,2017-03-11,1,BEVERAGES,2701.0,31,True
2721117,2017-03-12,1,BEVERAGES,1338.0,23,True
2722899,2017-03-13,1,BEVERAGES,2322.0,29,True
2724681,2017-03-14,1,BEVERAGES,2216.0,29,True
2726463,2017-03-15,1,BEVERAGES,2648.0,29,True
2728245,2017-03-16,1,BEVERAGES,2057.0,28,True
2730027,2017-03-17,1,BEVERAGES,2955.0,31,True
2731809,2017-03-18,1,BEVERAGES,2502.0,29,True
2733591,2017-03-19,1,BEVERAGES,1094.0,22,True
2735373,2017-03-20,1,BEVERAGES,2370.0,25,True
2737155,2017-03-21,1,BEVERAGES,2873.0,21,True
2738937,2017-03-22,1,BEVERAGES,2658.0,24,True
2740719,2017-03-23,1,BEVERAGES,2333.0,20,True
2742501,2017-03-24,1,BEVERAGES,2745.0,19,True
2744283,2017-03-25,1,BEVERAGES,2356.0,21,True
2746065,2017-03-26,1,BEVERAGES,1110.0,16,True
2747847,2017-03-27,1,BEVERAGES,2388.0,21,True
2749629,2017-03-28,1,BEVERAGES,2184.0,17,True
2751411,2017-03-29,1,BEVERAGES,2450.0,23,True
2753193,2017-03-30,1,BEVERAGES,1971.0,3,True
2754975,2017-03-31,1,BEVERAGES,2351.0,7,True
2756757,2017-04-01,1,BEVERAGES,3229.0,8,True
2758539,2017-04-02,1,BEVERAGES,1210.0,9,True
2760321,2017-04-03,1,BEVERAGES,2097.0,9,True
2762103,2017-04-04,1,BEVERAGES,2249.0,9,True
2763885,2017-04-05,1,BEVERAGES,2687.0,8,True
2765667,2017-04-06,1,BEVERAGES,2164.0,10,True
2767449,2017-04-07,1,BEVERAGES,2527.0,7,True
2769231,2017-04-08,1,BEVERAGES,2729.0,9,True
2771013,2017-04-09,1,BEVERAGES,1175.0,7,True
2772795,2017-04-10,1,BEVERAGES,2033.0,8,True
2774577,2017-04-11,1,BEVERAGES,2116.0,11,True
2776359,2017-04-12,1,BEVERAGES,2457.0,21,True
2778141,2017-04-13,1,BEVERAGES,2599.0,27,True
2779923,2017-04-14,1,BEVERAGES,817.0,14,True
2781705,2017-04-15,1,BEVERAGES,1946.0,13,True
2783487,2017-04-16,1,BEVERAGES,1114.0,20,True
2785269,2017-04-17,1,BEVERAGES,2731.0,23,True
2787051,2017-04-18,1,BEVERAGES,2102.0,20,True
2788833,2017-04-19,1,BEVERAGES,2426.0,27,True
2790615,2017-04-20,1,BEVERAGES,1948.0,23,True
2792397,2017-04-21,1,BEVERAGES,2600.0,25,True
2794179,2017-04-22,1,BEVERAGES,2785.0,32,True
2795961,2017-04-23,1,BEVERAGES,1047.0,23,True
2797743,2017-04-24,1,BEVERAGES,2419.0,36,True
2799525,2017-04-25,1,BEVERAGES,2083.0,27,True
2801307,2017-04-26,1,BEVERAGES,2608.0,29,True
2803089,2017-04-27,1,BEVERAGES,2022.0,32,True
2804871,2017-04-28,1,BEVERAGES,2235.0,28,True
2806653,2017-04-29,1,BEVERAGES,2156.0,33,True
2808435,2017-04-30,1,BEVERAGES,995.0,17,True
2810217,2017-05-01,1,BEVERAGES,825.0,15,True
2811999,2017-05-02,1,BEVERAGES,3179.0,26,True
2813781,2017-05-03,1,BEVERAGES,2479.0,28,True
2815563,2017-05-04,1,BEVERAGES,2454.0,15,True
2817345,2017-05-05,1,BEVERAGES,2243.0,17,True
2819127,2017-05-06,1,BEVERAGES,2735.0,13,True
2820909,2017-05-07,1,BEVERAGES,1019.0,11,True
2822691,2017-05-08,1,BEVERAGES,2317.0,16,True
2824473,2017-05-09,1,BEVERAGES,1943.0,15,True
2826255,2017-05-10,1,BEVERAGES,2033.0,24,True
2828037,2017-05-11,1,BEVERAGES,1697.0,20,True
2829819,2017-05-12,1,BEVERAGES,2472.0,26,True
2831601,2017-05-13,1,BEVERAGES,2498.0,27,True
2833383,2017-05-14,1,BEVERAGES,883.0,18,True
2835165,2017-05-15,1,BEVERAGES,2280.0,28,True
2836947,2017-05-16,1,BEVERAGES,2393.0,28,True
2838729,2017-05-17,1,BEVERAGES,2374.0,31,True
2840511,2017-05-18,1,BEVERAGES,2154.0,26,True
2842293,2017-05-19,1,BEVERAGES,2743.0,30,True
2844075,2017-05-20,1,BEVERAGES,2379.0,28,True
2845857,2017-05-21,1,BEVERAGES,974.0,23,True
2847639,2017-05-22,1,BEVERAGES,2620.0,25,True
2849421,2017-05-23,1,BEVERAGES,2365.0,25,True
2851203,2017-05-24,1,BEVERAGES,2611.0,26,True
2852985,2017-05-25,1,BEVERAGES,2229.0,27,True
2854767,2017-05-26,1,BEVERAGES,1100.0,21,True
2856549,2017-05-27,1,BEVERAGES,2270.0,30,True
2858331,2017-05-28,1,BEVERAGES,1110.0,24,True
2860113,2017-05-29,1,BEVERAGES,2407.0,32,True
2861895,2017-05-30,1,BEVERAGES,1937.0,31,True
2863677,2017-05-31,1,BEVERAGES,2554.0,31,True
2865459,2017-06-01,1,BEVERAGES,2250.0,9,True
2867241,2017-06-02,1,BEVERAGES,2752.0,27,True
2869023,2017-06-03,1,BEVERAGES,2718.0,24,True
2870805,2017-06-04,1,BEVERAGES,1142.0,17,True
2872587,2017-06-05,1,BEVERAGES,2616.0,20,True
2874369,2017-06-06,1,BEVERAGES,2625.0,24,True
2876151,2017-06-07,1,BEVERAGES,2651.0,26,True
2877933,2017-06-08,1,BEVERAGES,2159.0,22,True
2879715,2017-06-09,1,BEVERAGES,2532.0,23,True
2881497,2017-06-10,1,BEVERAGES,2692.0,23,True
2883279,2017-06-11,1,BEVERAGES,1272.0,23,True
2885061,2017-06-12,1,BEVERAGES,2335.0,24,True
2886843,2017-06-13,1,BEVERAGES,2579.0,21,True
2888625,2017-06-14,1,BEVERAGES,2707.0,25,True
2890407,2017-06-15,1,BEVERAGES,2137.0,22,True
2892189,2017-06-16,1,BEVERAGES,2532.0,17,True
2893971,2017-06-17,1,BEVERAGES,2738.0,19,True
2895753,2017-06-18,1,BEVERAGES,1005.0,10,True
2897535,2017-06-19,1,BEVERAGES,2493.0,16,True
2899317,2017-06-20,1,BEVERAGES,2977.0,17,True
2901099,2017-06-21,1,BEVERAGES,2583.0,34,True
2902881,2017-06-22,1,BEVERAGES,1824.0,21,True
2904663,2017-06-23,1,BEVERAGES,2394.0,24,True
2906445,2017-06-24,1,BEVERAGES,2674.0,25,True
2908227,2017-06-25,1,BEVERAGES,1070.0,20,True
2910009,2017-06-26,1,BEVERAGES,2242.0,25,True
2911791,2017-06-27,1,BEVERAGES,2101.0,25,True
2913573,2017-06-28,1,BEVERAGES,2203.0,26,True
2915355,2017-06-29,1,BEVERAGES,2128.0,26,True
2917137,2017-06-30,1,BEVERAGES,2496.0,30,True
2918919,2017-07-01,1,BEVERAGES,2596.0,27,True
2920701,2017-07-02,1,BEVERAGES,1135.0,25,True
2922483,2017-07-03,1,BEVERAGES,2526.0,27,True
2924265,2017-07-04,1,BEVERAGES,2284.0,27,True
2926047,2017-07-05,1,BEVERAGES,2691.0,42,True
2927829,2017-07-06,1,BEVERAGES,2284.0,39,True
2929611,2017-07-07,1,BEVERAGES,2574.0,41,True
2931393,2017-07-08,1,BEVERAGES,2351.0,38,True
2933175,2017-07-09,1,BEVERAGES,1181.0,35,True
2934957,2017-07-10,1,BEVERAGES,2338.0,38,True
2936739,2017-07-11,1,BEVERAGES,2372.0,36,True
2938521,2017-07-12,1,BEVERAGES,2460.0,45,True
2940303,2017-07-13,1,BEVERAGES,2115.0,34,True
2942085,2017-07-14,1,BEVERAGES,2529.0,40,True
2943867,2017-07-15,1,BEVERAGES,2183.0,38,True
2945649,2017-07-16,1,BEVERAGES,1079.0,34,True
2947431,2017-07-17,1,BEVERAGES,2381.0,39,True
2949213,2017-07-18,1,BEVERAGES,2589.0,42,True
2950995,2017-07-19,1,BEVERAGES,2369.0,34,True
2952777,2017-07-20,1,BEVERAGES,2006.0,32,True
2954559,2017-07-21,1,BEVERAGES,2859.0,30,True
2956341,2017-07-22,1,BEVERAGES,2258.0,22,True
2958123,2017-07-23,1,BEVERAGES,1024.0,19,True
2959905,2017-07-24,1,BEVERAGES,2158.0,22,True
2961687,2017-07-25,1,BEVERAGES,2438.0,23,True
2963469,2017-07-26,1,BEVERAGES,2242.0,21,True
2965251,2017-07-27,1,BEVERAGES,2002.0,27,True
2967033,2017-07-28,1,BEVERAGES,2358.0,26,True
2968815,2017-07-29,1,BEVERAGES,2161.0,22,True
2970597,2017-07-30,1,BEVERAGES,1212.0,16,True
2972379,2017-07-31,1,BEVERAGES,2414.0,24,True
2974161,2017-08-01,1,BEVERAGES,2627.0,26,True
2975943,2017-08-02,1,BEVERAGES,2645.0,25,True
2977725,2017-08-03,1,BEVERAGES,2037.0,7,True
2979507,2017-08-04,1,BEVERAGES,2479.0,10,True
2981289,2017-08-05,1,BEVERAGES,2093.0,7,True
2983071,2017-08-06,1,BEVERAGES,968.0,5,True
2984853,2017-08-07,1,BEVERAGES,2086.0,7,True
2986635,2017-08-08,1,BEVERAGES,2418.0,7,True
2988417,2017-08-09,1,BEVERAGES,2311.0,7,True
2990199,2017-08-10,1,BEVERAGES,2377.0,6,True
2991981,2017-08-11,1,BEVERAGES,1006.0,3,True
2993763,2017-08-12,1,BEVERAGES,1659.0,7,True
2995545,2017-08-13,1,BEVERAGES,803.0,5,True
2997327,2017-08-14,1,BEVERAGES,2201.0,9,True
2999109,2017-08-15,1,BEVERAGES,1942.0,11,True
